OCRN_YR,OCRN_YMD,DAM_AMT,DCSD_CNT,OCRN_MM,ADDR,CSTS_CNT,YMAP_CRTS,ROAD_NM_ADDR,RSN_,XMAP_CRTS,SN,GEOM,INJPSN_CNT
2012,17,0,0,09,울산광역시 울주군 상북면 이천리 142,0,4241840.074,,폭우 인한 하천제방유실,14362644.95,145,POINT(14362644.9529 4241840.0735999998),0
2012,17,0,0,09,울산광역시 울주군 상북면 이천리 60,0,4239957.482,,폭우 인한 하천제방유실,14362372.74,146,POINT(14362372.7434 4239957.4817000004),0
2012,17,0,0,09,울산광역시 울주군 상북면 명촌리 162-4,0,4241777.914,,폭우 인한 구거제방유실,14370194.94,147,POINT(14370194.937899999 4241777.9139999999),0
2012,17,57500,0,09,경상남도 창원시 의창구 북면 무동리 산5,0,4207955.606,,태풍 산바 영향에 따른 집중호우 등,14314471.84,148,POINT(14314471.8432 4207955.6061000004),0
2012,17,0,0,09,울산광역시 울주군 상북면 길천리 896,0,4243306.444,,폭우 인한 농로세굴,14369258.16,149,POINT(14369258.162 4243306.4437999995),0
2012,17,0,0,09,울산광역시 울주군 상북면 등억알프스리 572-2,0,4240169.262,,폭우 인한 하천제방유실,14367712.17,150,POINT(14367712.1733 4240169.2622999996),0
2012,17,0,0,09,울산광역시 울주군 상북면 지내리 755-1,0,4244654.633,,폭우 인한 건축물파손,14372065.73,151,POINT(14372065.7279 4244654.6327999998),0
2012,17,34400,0,09,경상남도 창원시 의창구 동읍 용강리 산63-1,0,4201411.284,,태풍 산바 영향에 따른 집중호우 등,14319133.74,152,POINT(14319133.7422 4201411.2841999996),0
2012,17,0,0,09,울산광역시 울주군 상북면 산전리 343-1,0,4244403.692,,폭우 인한 농로세굴,14370972.54,153,POINT(14370972.5371 4244403.6920999996),0
2012,17,0,0,09,울산광역시 울주군 상북면 이천리 837,0,4236989.216,,폭우 인한 구거제방유실,14361531.65,154,POINT(14361531.6494 4236989.2159000002),0
2012,17,0,0,09,울산광역시 울주군 상북면 향산리 161-2,0,4242493.348,,폭우 인한 농로세굴,14371940.32,155,POINT(14371940.323799999 4242493.3482999997),0
2012,17,0,0,09,울산광역시 울주군 상북면 이천리 109-3,0,4240919.932,,폭우 인한 도로법면유실,14362581.46,156,POINT(14362581.455499999 4240919.932),0
2012,17,0,0,09,울산광역시 울주군 상북면 거리 1121-1,0,4243738.452,,폭우 인한 상수도관로파손,14366039.14,157,POINT(14366039.1357 4243738.4519999996),0
2012,17,0,0,09,울산광역시 울주군 상북면 이천리 96,0,4240562.641,,폭우 인한 구거제방유실,14362685.62,158,POINT(14362685.624 4240562.6409999998),0
2012,17,0,0,09,울산광역시 울주군 상북면 거리 1104-5,0,4244069.384,,폭우 인한 용수로 매몰,14366891.87,159,POINT(14366891.8683 4244069.3842000002),0
2012,17,0,0,09,울산광역시 울주군 상북면 덕현리 810-2,0,4248011.721,,폭우 인한 하천제방유실,14365342.86,160,POINT(14365342.8562 4248011.7213000003),0
2012,17,0,0,09,울산광역시 울주군 상북면 양등리 473-1,0,4245964.835,,폭우 인한 하천제방유실,14367751.35,161,POINT(14367751.3465 4245964.8354000002),0
2012,17,0,0,09,울산광역시 울주군 상북면 거리 1100,0,4244229.608,,폭우 인한 하천제방유실,14366991.98,162,POINT(14366991.9769 4244229.6078000003),0
2012,17,0,0,09,울산광역시 울주군 상북면 길천리 451-3,0,4243426.828,,폭우 인한 구거제방유실,14370115.84,163,POINT(14370115.836200001 4243426.8284),0
2012,17,0,0,09,울산광역시 울주군 상북면 이천리 738-1,0,4235410.24,,폭우 인한 하천제방유실,14361253.66,164,POINT(14361253.657400001 4235410.2400000002),0
2012,17,0,0,09,울산광역시 울주군 상북면 소호리 563-2,0,4254485.538,,폭우 인한 농로붕괴유실,14370701.9,165,POINT(14370701.895199999 4254485.5379999997),0
2012,17,48200,0,09,경상남도 창원시 의창구 동읍 용강리 산129-6,0,4201113.976,,태풍 산바 영향에 따른 집중호우 등,14320226.95,166,POINT(14320226.952099999 4201113.9762000004),0
2012,17,0,0,09,울산광역시 울주군 상북면 소호리 530-1,0,4254826.813,,폭우 인한 하천제방유실,14370262.69,167,POINT(14370262.6876 4254826.8130999999),0
2012,17,0,0,09,울산광역시 울주군 상북면 산전리 233,0,4244816.013,,폭우 인한 농로세굴,14371234.27,168,POINT(14371234.271299999 4244816.0125000002),0
2012,17,0,0,09,울산광역시 울주군 상북면 이천리 186,0,4241184.581,,폭우 인한 농로제방세굴,14361802.11,169,POINT(14361802.1119 4241184.5805000002),0
2012,17,0,0,09,강원도 속초시 영랑동 1-6 (동명4지구),0,4609708.896,,"태풍 ""산바"" 내습으로 낙석발생",14315724.66,170,POINT(14315724.6581 4609708.8960999995),0
2012,17,0,0,09,울산광역시 울주군 상북면 등억알프스리 701,0,4239609.543,,폭우 인한 하천제방유실,14369224.07,171,POINT(14369224.074100001 4239609.5432000002),0
2012,17,0,0,09,울산광역시 울주군 상북면 이천리 568,0,4237220.853,,폭우 인한 하천제방유실,14361561.39,172,POINT(14361561.394099999 4237220.8528000005),0
2012,17,0,0,09,울산광역시 울주군 상북면 이천리 337,0,4238235.022,,폭우 인한 하천제방유실,14361522.12,173,POINT(14361522.1183 4238235.0217000004),0
2012,17,0,0,09,울산광역시 울주군 상북면 이천리 832-4,0,4237311.697,,폭우 인한 구거제방유실,14361531.82,174,POINT(14361531.8226 4237311.6966000004),0
2012,17,0,0,09,울산광역시 울주군 상북면 지내리 630-2,0,4243850.871,,폭우 인한 농로유실,14372247.25,175,POINT(14372247.2502 4243850.8713999996),0
2012,17,0,0,09,울산광역시 울주군 상북면 명촌리 42,0,4242068.239,,폭우 인한 구거제방유실,14370136.25,176,POINT(14370136.2457 4242068.2386999996),0
2012,17,0,0,09,충청북도 영동군 영동읍 당곡리 161-1,0,4321363.315,,하천옆 도로붕괴,14229174.75,177,POINT(14229174.751599999 4321363.3147999998),0
2012,17,0,0,09,울산광역시 울주군 상북면 명촌리 10-2,0,4242081.208,,폭우 인한 농로유실,14370430.21,178,POINT(14370430.2075 4242081.2077000001),0
2012,17,0,0,09,울산광역시 울주군 상북면 거리 1024-1,0,4244377.527,,폭우 인한 농로매몰,14367512.32,179,POINT(14367512.3177 4244377.5270999996),0
2012,17,0,0,09,울산광역시 울주군 상북면 이천리 729-1,0,4235922.457,,폭우 인한 교량파손,14361327.86,180,POINT(14361327.8641 4235922.4568999996),0
2012,17,0,0,09,울산광역시 울주군 상북면 산전리 342-3,0,4244451.038,,폭우 인한 하천제방붕괴,14370973.54,181,POINT(14370973.5414 4244451.0379999997),0
2012,17,0,0,09,울산광역시 울주군 상북면 이천리 128,0,4241468.712,,폭우 인한 하천잠수교유실,14362447.73,182,POINT(14362447.7315 4241468.7121000001),0
2012,17,0,0,09,울산광역시 울주군 상북면 이천리 63,0,4240094.581,,폭우 인한 하천제방유실,14362469.33,183,POINT(14362469.3298 4240094.5805000002),0
2012,17,0,0,09,울산광역시 울주군 상북면 산전리 50-14,0,4246168.558,,폭우 인한 저수지제방붕괴,14370889.61,184,POINT(14370889.6139 4246168.5580000002),0
2012,17,0,0,09,울산광역시 울주군 상북면 이천리 233,0,4241190.56,,폭우 인한 하천제방유실,14362087.06,185,POINT(14362087.0626 4241190.5602000002),0
2012,17,0,0,09,울산광역시 울주군 상북면 등억알프스리 549-5,0,4240024.093,,폭우 인한 하천제방유실,14368117.18,186,POINT(14368117.182800001 4240024.0926999999),0
2012,17,0,0,09,울산광역시 울주군 상북면 이천리 144-25,0,4241995.591,,폭우 인한 도로법면유실,14362956.2,187,POINT(14362956.199899999 4241995.5914000003),0
2012,17,0,0,09,울산광역시 울주군 상북면 산전리 775,0,4245573.331,,폭우 인한 농로세굴,14370062.46,188,POINT(14370062.4596 4245573.3312999997),0
2012,17,0,0,09,울산광역시 울주군 상북면 이천리 310,0,4238367.362,,폭우 인한 하천제방유실,14361465.4,189,POINT(14361465.402799999 4238367.3618000001),0
2012,17,0,0,09,울산광역시 울주군 상북면 명촌리 5,0,4242210.588,,폭우 인한 농로제방붕괴,14370585.68,190,POINT(14370585.683499999 4242210.5883999998),0
2012,17,0,0,09,울산광역시 울주군 상북면 이천리 36,0,4240424.951,,폭우 인한 축대붕괴,14363047.66,191,POINT(14363047.6588 4240424.9513999997),0
2012,17,0,0,09,울산광역시 울주군 상북면 이천리 139,0,4241733.094,,폭우 인한 하천제방유실,14362566.12,192,POINT(14362566.120300001 4241733.0943999998),0
2012,17,0,0,09,울산광역시 울주군 상북면 이천리 114-3,0,4241131.688,,폭우 인한 하천제방유실,14362167.38,193,POINT(14362167.3816 4241131.6876999997),0
2012,17,0,0,09,울산광역시 울주군 상북면 명촌리 499-1,0,4241565.92,,폭우 인한 농로세굴,14370073.58,194,POINT(14370073.578 4241565.9203000003),0
2012,17,0,0,09,울산광역시 울주군 상북면 등억알프스리 477,0,4239751.433,,폭우 인한 하천제방유실,14368766,195,POINT(14368765.9968 4239751.4332999997),0
2012,17,0,0,09,울산광역시 울주군 상북면 이천리 539-2,0,4237530.091,,폭우 인한 하천잠수교유실,14361630.52,196,POINT(14361630.5189 4237530.0909000002),0
2014,04      ,0,0,08,울산광역시 울주군 상북면 이천리 804,0,4242088.86,,폭우 인한 하천제방유실,14362708.97,287,POINT(14362708.974400001 4242088.8598999996),0
2014,04      ,0,0,08,울산광역시 울주군 상북면 이천리 829,0,4237299.505,,폭우 인한 하천제방유실,14361573.3,288,POINT(14361573.302100001 4237299.5044999998),0
2014,05      ,0,0,08,서울특별시 송파구 석촌동 15-1 (백제고분로 295),0,4509444.097,,도로침하 발생,14148639.55,289,POINT(14148639.5495 4509444.0970000001),0
2014,18,30000,0,08,부산광역시 북구 구포1동 1203-2(동광빌라),0,4191696.095,부산광역시 북구 시랑로21번길 110,사면유실 및 축대파손,14361333.74,290,POINT(14361333.7411 4191696.0948999999),0
2014,18,20000,0,08,부산광역시 북구 만덕1동 63-2,0,4192767.516,부산광역시 북구 중리로 78,사면유실 및 하수시설 파손,14365292.37,291,POINT(14365292.373500001 4192767.5162999998),0
2014,18,0,0,08,울산광역시 울주군 웅촌면 곡천리 630-1,0,4226861.979,,폭우 인한 산사태,14382952.86,292,POINT(14382952.8564 4226861.9793999996),0
2014,18,250000,0,08,부산광역시 북구 화명1동 878-12,0,4194776.03,,도로옹벽 뒤 사면 유실,14361970.15,293,POINT(14361970.1547 4194776.0297999997),0
2014,18,740380,0,08,부산광역시 부산진구 당감1동 490-5(당감동 무궁화아파트 옆 옹벽),0,4186012.784,,집중호우로 인한 옹벽 붕괴(사면),14363972.9,294,POINT(14363972.9036 4186012.7837),0
2014,18,0,0,08,울산광역시 중구 동동 116-14,0,4242540.192,,집중호우로 인해 약해진 지반이 붕괴되어 가옥으로 토사 유입,14398990.4,295,POINT(14398990.397500001 4242540.1918000001),0
2014,18,100000,0,08,부산광역시 북구 화명동 산 204,0,4196775.231,,"석축 및 옹벽유실, 토사유실",14362988.62,296,POINT(14362988.616699999 4196775.2309999997),0
2014,18,0,0,08,울산광역시 울주군 온산읍 처용리 산26-1,0,4227390.928,,집중호우 인한 산사태,14397130.56,297,POINT(14397130.562200001 4227390.9282),0
2014,18,14167,0,08,"울산광역시 중구 다운동 82, 성안동 1254, 복산동 721 (농로주변법면)",0,4242176.678,,집중호우,14393404.94,298,POINT(14393404.9384 4242176.6777999997),0
2014,18,8038,0,08,울산광역시 중구 동동 400 (어련당 뒤 소공원 법면),0,4242096.555,,집중호우,14399182.68,299,POINT(14399182.680400001 4242096.5551000005),0
2020,13,0,0,05,인천광역시 중구 연안부두로 139,0,4501691.833,인천광역시 중구 항동7가 70-26,노후화(추정)로 인한 내부천장붕괴,14092832.91,597,POINT(14092832.910499999 4501691.8329999996),0
2015,08      ,0,0,01,서울특별시 송파구 마천동 311-3,0,4508065.324,,건물 노후화,14154808.19,404,POINT(14154808.192299999 4508065.3234999999),0
2015,10,0,1,01,경상북도 영천시 망정동 232-1,0,4297446.908,,건물 철거 작업 중 내부벽체 무너짐,14354929.45,405,POINT(14354929.447799999 4297446.9075999996),1
2015,05      ,301401,0,02,광주광역시 남구 봉선동 610-22 (대화아파트 옹벽),0,4180736.499,,"토압의 이동 및 집중효과 유발 및 지반의 동결, 융해의 반복, 암반사면의 불연속 경사 및 방향, 설계도면과 상이하게 시공",14127025.97,406,POINT(14127025.968900001 4180736.4988000002),0
2015,17,2000,0,02,서울특별시 은평구 응암동 39-200,0,4522665.289,,축대 붕괴,14129937.96,407,POINT(14129937.959000001 4522665.2887000004),0
2015,10,0,1,03,경상북도 울진군 매화면 오산리 1186-1 (신한가스 인근),0,4424393.411,,공사장 내 구조물(보강토옹벽) 기초콘크리트 타설작업 중 기존제방 우안 석축 및 토사가 중장비 하중에 의해 일부 무너진 사고,14405114.7,408,POINT(14405114.700200001 4424393.4113999996),1
2015,15,2000,0,03,서울특별시 은평구 갈현동 300-104,0,4526926.439,,담장 붕괴,14127943.4,409,POINT(14127943.4015 4526926.4393999996),0
2015,16,0,1,03,강원도 평창군 대관령면 유천리 산 90,1,4531663.707,,채석장 공사중 암벽 붕괴,14319845.08,410,POINT(14319845.078199999 4531663.7070000004),2
2015,19,59950,0,03,강원도 삼척시 미로면 상사전리 산 99-5,0,4495034.342,,지지력 약화,14363927.26,411,POINT(14363927.262599999 4495034.3415000001),0
2015,21,0,0,03,울산광역시 중구 남외동 325-1 인근,0,4241601.676,,인근 신축빌라 건물 터파기 공사 중 건물 균열 및 담벼락 일부 붕괴,14398570.34,412,POINT(14398570.343 4241601.6755999997),0
2015,27,0,0,03,서울특별시 은평구 갈현동 9-21,0,4526698.265,,담장붕괴,14128249.28,413,POINT(14128249.2837 4526698.2647000002),0
2015,19,825290,0,04,부산광역시 부산진구 초읍동 507-2(부산진고등학교 옆 옹벽),0,4188433.831,부산광역시 부산진구 성지로94번길 49,집중호우로 인한 옹벽 붕괴,14366376.29,414,POINT(14366376.2914 4188433.8305000002),0
2015,21,0,0,04,충청북도 영동군 영동읍 동정리 71-1,0,4324630.261,,자연붕괴,14224894.9,415,POINT(14224894.8959 4324630.2605999997),0
2015,29,40000,0,04,부산광역시 서구 남부민동 636-2(동천주택 하부측 사면),0,4176249.398,부산광역시 서구 해돋이로 136,"동천주택밑 사면부 토사 유실(폭3m, 높이 5~6m)",14362667.13,416,POINT(14362667.126 4176249.3975),0
2015,30,0,0,04,서울특별시 송파구 잠실동 209-10,0,4510155.939,서울특별시 송파구 석촌호수로 98,불명,14147337.6,417,POINT(14147337.604800001 4510155.9390000002),0
2015,11,0,0,05,"울산광역시 울주군 두동면 구미리 산214-15, 299 일원",0,4253700.361,,폭우 인한 석축 붕괴,14383998.15,418,POINT(14383998.152100001 4253700.3613),0
2015,12,0,0,05,강원도 평창군 진부면 하진부리 336(진부체육공원 씨름장),0,4527518.515,,강풍으로 인한 체육공원씨름장 파손,14310764.08,419,POINT(14310764.079500001 4527518.5153999999),0
2015,12,0,0,05,강원도 평창군 진부면 하진부리 1289-46 (진부체육공원 씨름장),0,4527408.084,,강풍으로 인한 체육공원 돔구장(씨름장) 파손,14310809.3,420,POINT(14310809.299900001 4527408.0839999998),0
2015,22,20000,1,05,서울특별시 마포구 용강동 51-3,0,4514573.062,서울특별시 마포구 토정로 316,건축물 4층 철거작업 중 3층 바닥 붕괴,14131285,421,POINT(14131285.000299999 4514573.0620999997),1
2015,26,0,0,05,경상북도 울진군 기성면 이평리 442-6,0,4410080.92,,주택 노후화로 인한 천장 붕괴,14402051.49,422,POINT(14402051.4901 4410080.9194999998),0
2015,,0,0,06,부산광역시 동래구 온천동 산160-4,0,4192775.419,,,14366521.23,423,POINT(14366521.2294 4192775.4188000001),0
2015,25,1000,0,06,제주특별자치도 서귀포시 안덕면 사계리 3693번지일원,0,3926876.349,,호우시 낙석발생,14061143.25,424,POINT(14061143.2498 3926876.3491000002),0
2015,28,1000,0,06,제주특별자치도 서귀포시 안덕면 사계리 3693번지일원,0,3926876.349,,호우시 낙석발생,14061143.25,425,POINT(14061143.2498 3926876.3491000002),0
2015,30,26000,0,06,충청북도 진천군 광혜원면 구암리 188,0,4436890.255,충청북도 진천군 광혜원면 구암길 225,국지성 집중호우로 인한 제방 붕괴,14183868.25,426,POINT(14183868.247400001 4436890.2550999997),0
2015,,0,0,07,울산광역시 울주군 범서읍 중리 211,0,4249057.366,,폭우 인한 석축 붕괴,14385289.11,427,POINT(14385289.113299999 4249057.3661000002),0
2015,24,4907,0,07,강원도 영월군 영월읍 정양리 427-3 (황새여울),0,4460329.423,,집중호우로 인한 낙석 발생,14304480.84,428,POINT(14304480.841700001 4460329.4231000002),0
2015,25,60000,0,07,강원도 춘천시 서면 덕두원리 산 4-1,0,4561313.903,,집중호우로 인한 비탈면 붕괴,14212941.97,429,POINT(14212941.965600001 4561313.9031999996),0
2015,25,40000,0,07,강원도 춘천시 서면 덕두원리 산 29-3,0,4558907.534,,집중호우로 인한 비탈면 붕괴,14212544.11,430,POINT(14212544.1097 4558907.5335999997),0
2015,26,35000,0,07,강원도 평창군 방림면 방림리 산 483-1,0,4502113.334,,집중호우로 인한 비탈면 붕괴,14288259.4,431,POINT(14288259.3972 4502113.3335999995),0
2015,28,118000,0,07,경기도 의왕시 학의동 337-3(백운로),0,4492469.051,,집중호우로 인한 옹벽 붕괴,14137609.06,432,POINT(14137609.0606 4492469.0506999996),0
2015,31,0,12,07,대구광역시 동구 신천동 329-6 (동대구역 복합환승센터),0,4283836.583,,철골부재(5층) 브라켓 용접불량,14318906.22,433,POINT(14318906.2235 4283836.5829999996),12
2015,25,0,0,08,울산광역시 중구 서동 193,0,4242410.705,,태풍으로 인해 나무가 쓰러져 사당 담벼락 붕괴,14398629.8,434,POINT(14398629.7984 4242410.7046999997),0
2015,25,75000,0,08,강원도 양양군 서면 서림리 산 1-19,0,4574806.158,,집중호우로 인한 붕괴,14306516.68,435,POINT(14306516.6843 4574806.1580999997),0
2015,18,0,0,09,부산광역시 동래구 명장동 600-19,0,4192082.607,,,14370817.27,436,POINT(14370817.271199999 4192082.6066000001),0
2015,02      ,22000,0,12,강원도 홍천군 서면 모곡리 산 234-4,0,4533595.711,,이완 암 붕괴,14205507.05,437,POINT(14205507.0481 4533595.7114000004),0
2015,07      ,0,0,12,경상북도 상주시 함창읍 신흥리 490-2,2,4374947.1,,전신탑 붕괴로 인한 추락,14269055.65,438,POINT(14269055.652799999 4374947.0998999998),2
2016,20,877400,0,01,"제주특별자치도 서귀포시 안덕면 서광리 산24-6
(신화역사공원 A지구 숙박시설 신축공사)",8,3935431.961,,슬래브 콘크리트 타설 중 붕괴,14062015.22,439,POINT(14062015.2239 3935431.9613000001),8
2016,02      ,10000,0,02,강원도 영월군 주천면 판운리 1377-17,0,4479360.803,,해빙기 낙석,14284882.74,440,POINT(14284882.743100001 4479360.8031000001),0
2016,17,0,0,02,인천광역시 부평구 부평동 760-427,0,4510012.102,인천광역시 부평구 동수북로 76-2,공가 담장 붕괴사고발생,14106591.55,441,POINT(14106591.554199999 4510012.1014999999),0
2016,20,0,0,02,충청북도 영동군 상촌면 물한리 산 4-17,0,4313628.785,,자연붕괴,14235822.69,442,POINT(14235822.6851 4313628.7851999998),0
2016,22,4000,0,02,전라북도 남원시 주천면 호경리 산40번지 일원,0,4215900.748,,해빙기 낙석 발생,14190237.42,443,POINT(14190237.4224 4215900.7474999996),0
2016,20,0,1,03,충청북도 충주시 용탄동 364-4,0,4440723.662,충청북도 충주시 사래실길 58-23,공사중 담벼락 붕괴,14245184.32,444,POINT(14245184.3203 4440723.6616000002),1
2016,20,0,0,03,인천광역시 부평구 산곡동 87-876,0,4509718.258,인천광역시 부평구 원적로301번길 7,담장 노후로 인한 붕괴,14104164.34,445,POINT(14104164.3441 4509718.2582),0
2016,17,0,0,04,전라북도 익산시 웅포면 입점리 산 165-5,0,4306801.537,,낙석,14123281.62,446,POINT(14123281.6176 4306801.5368999997),0
2016,17,0,0,04,서울특별시 송파구 거여동 14,0,4508418.234,서울특별시 송파구 오금로53길 9,우천에 따른 우수,14153319.02,447,POINT(14153319.023700001 4508418.2337999996),0
2016,21,25000,0,04,강원도 춘천시 서면 덕두원리 산 4-1,0,4561313.903,,해빙기 낙석,14212941.97,448,POINT(14212941.965600001 4561313.9031999996),0
2016,03      ,5000,0,05,부산광역시 서구 서대신동3가 704-130,0,4179010.96,부산광역시 서구 시약로17번가길 10,주택 축대붕괴,14361150.62,449,POINT(14361150.6206 4179010.9594999999),0
2016,07      ,4000,0,05,전라북도 군산시 해망동 산 5-43,0,4298831.226,,비탈면 연약화에 의한 붕괴,14103675.43,450,POINT(14103675.4289 4298831.2262000004),0
2016,13,0,0,05,인천광역시 중구 도원동 71-65번지,0,4504505.566,,"(빈집)건물 노후화로 인한
 외벽 일부 붕괴",14097357.5,451,POINT(14097357.497300001 4504505.5657000002),0
2016,16,0,0,05,서울특별시 양천구 신월동 1063-3 소공원,0,4511507.918,,빗물침투로 인한 지반약화,14120687.39,452,POINT(14120687.3913 4511507.9183999998),0
2020,28,0,0,07,광주광역시 남구 진월동 13-4 제석로 사면,0,4179851.021,,폭우로 인한 법면 유실,14127144.14,547,POINT(14127144.1379 4179851.0211),0
2020,29,55000,0,07,광주광역시 남구 서동 147-1,0,4183753.863,광주광역시 남구 중앙로95번길 20,폭우로 인한 옹벽 붕괴,14127355.98,548,POINT(14127355.9789 4183753.8624999998),0
2020,30,0,0,07,전라남도 여수시 웅천동 541-1,0,4130288.945,,폭우로 인한 법면 유실,14213146.2,549,POINT(14213146.2041 4130288.9445000002),0
2020,30,0,0,07,전라남도 여수시 웅천동 산14-3,0,4130202.699,,폭우로 인한 법면 유실,14211922.85,550,POINT(14211922.845899999 4130202.6987999999),0
2020,30,0,0,07,충청북도 괴산군 청천면 금평리 116-5,0,4394511.811,충청북도 괴산군 청천면 금평로 61,호우로 인한 반파,14221630.49,551,POINT(14221630.4943 4394511.8104999997),0
2020,30,0,0,07,전라남도 여수시 소라면 죽림리 1096,0,4132684.644,,폭우로 인한 법면 유실,14208579.1,552,POINT(14208579.1011 4132684.6441000002),0
2020,30,0,0,07,전라남도 여수시 시전동 946-3,0,4129934.657,,폭우로 인한 법면 유실,14211471.18,553,POINT(14211471.180500001 4129934.6571999998),0
2020,30,0,0,07,전라남도 여수시 오림동 147-2,0,4131792.588,,폭우로 인한 법면 유실,14218058.71,554,POINT(14218058.7093 4131792.588),0
2020,30,0,0,07,전라남도 여수시 웅천동 1645,0,4130236.942,,폭우로 인한 법면 유실,14212618.6,555,POINT(14212618.602499999 4130236.9416999999),0
2020,01      ,14607,0,08,충청북도 진천군 이월면 노원리 748-1,0,4427834.134,,폭우로 인한 제방붕괴,14184697.09,556,POINT(14184697.093800001 4427834.1338),0
2020,01      ,3412,0,08,충청북도 진천군 이월면 사곡리 1267,0,4422997.513,,폭우로 인한 제방붕괴,14184164.76,557,POINT(14184164.764 4422997.5131999999),0
2020,01      ,19930,0,08,충청북도 진천군 이월면 신월리 997-2,0,4426936.08,,폭우로 인한 제방붕괴,14190533.69,558,POINT(14190533.686100001 4426936.0798000004),0
2020,01      ,7778,0,08,충청북도 진천군 이월면 중산리 1384,0,4425347.615,,폭우로 인한 제방붕괴,14187064.53,559,POINT(14187064.5254 4425347.6151999999),0
2020,01      ,22960,0,08,충청북도 진천군 이월면 노원리 573-3,0,4426865.77,,폭우로 인한 제방붕괴,14184547.93,560,POINT(14184547.9257 4426865.7702000001),0
2020,01      ,22169,0,08,충청북도 진천군 이월면 사곡리 1361,0,4423123.19,,폭우로 인한 제방붕괴,14185192.8,561,POINT(14185192.7995 4423123.1896000002),0
2020,03      ,104768,0,08,충청북도 진천군 이월면 송림리 산29-1,0,4430983.632,,폭우로 인한 법면붕괴,14184529.89,562,POINT(14184529.892000001 4430983.6316),0
2020,03      ,2742,0,08,충청북도 진천군 이월면 삼용리 1276,0,4426087.973,,폭우로 인한 법면붕괴,14191293.21,563,POINT(14191293.214 4426087.9727999996),0
2020,03      ,7170,0,08,충청북도 진천군 이월면 사당리 292-17,0,4429914.012,,폭우로 인한 제방붕괴,14188560.77,564,POINT(14188560.7707 4429914.0120999999),0
2020,03      ,19221,0,08,충청북도 진천군 이월면 신월리 317-23,0,4428434.132,,폭우로 인한 도로붕괴,14189595.6,565,POINT(14189595.5967 4428434.1317999996),0
2020,03      ,3303,0,08,충청북도 진천군 이월면 사곡리 763-0,0,4424588.689,,폭우로 인한 도로붕괴,14184915.61,566,POINT(14184915.614 4424588.6886999998),0
2020,03      ,0,3,08,경기도 평택시 청북읍 후사리 265-35,4,4443558.376,경기도 평택시 청북읍 서해로 1570-1,폭우로 인한 법면 유실,14130879.31,567,POINT(14130879.314099999 4443558.3761),1
2020,03      ,17942,0,08,충청북도 진천군 이월면 사곡리 480,0,4423483.526,,폭우로 인한 제방붕괴,14186318.35,568,POINT(14186318.3509 4423483.5257999999),0
2020,04      ,6093,0,08,충청북도 진천군 이월면 사곡리 산98-55,0,4422641.09,,폭우로 인한 제방붕괴,14186025.47,569,POINT(14186025.4693 4422641.0902000004),0
2020,04      ,6600,0,08,충청북도 진천군 이월면 노원리 1131,0,4425729.605,,폭우로 인한 제방붕괴,14185044.41,570,POINT(14185044.410599999 4425729.6046000002),0
2020,04      ,0,0,08,강원도 양구군 남면 웅진리 산107-2 (군도10호선),0,4587071.15,,"호우로인한 토사유실 및
도로토사유입",14242716.59,571,POINT(14242716.5898 4587071.1498999996),0
2020,04      ,0,0,08,강원도 양구군 양구읍 수인리 산72-11번지 (군도 1호),0,4582195.006,,"호우로 인한 토사유실 및
도로토사유입",14240946.61,572,POINT(14240946.6099 4582195.0055999998),0
2020,04      ,0,0,08,강원도 양구군 방산면 금악리 산145-11번지 (군도6호선),0,4605352.415,,일부구간 낙석발생,14240824.16,573,POINT(14240824.158500001 4605352.4145),0
2020,06      ,4671,0,08,충청북도 진천군 이월면 사곡리 산55-55 (1105번지선),0,4423093.267,,폭우로 인한 농로붕괴,14183490.5,574,POINT(14183490.5019 4423093.2664999999),0
2020,07      ,0,0,08,울산광역시 동구 방어동 1328,0,4232884.075,울산광역시 동구 방어진순환도로 100,폭우로 인한 법면 유실,14404927.23,575,POINT(14404927.232999999 4232884.0749000004),0
2020,07      ,8616,0,08,"충청북도 진천군 이월면 사곡리 1293 (1083,1121선)",0,4422793.205,,폭우로 인한 농로붕괴,14183643.45,576,POINT(14183643.4549 4422793.2051999997),0
2020,07      ,300000,0,08,광주광역시 남구 행암동 520번지,0,4177719.351,광주광역시 남구 서문대로 402번길 50,집중호우로 인한 법면 유실,14124161.44,577,POINT(14124161.443399999 4177719.3511000001),0
2020,08      ,0,0,08,부산광역시 동구 수정동 844-158,0,4181284.294,,폭우로 인한 건물 붕괴,14365062.5,578,POINT(14365062.4988 4181284.2944),0
2020,09      ,0,0,08,경상남도 함양군 백전면 백운리 102-1,0,4244385.324,,폭우로 인한 법면 유실,14208204.5,579,POINT(14208204.500700001 4244385.324),0
2020,10,7616,0,08,전라남도 장흥군 안양면 비동리 81-3,0,4120248.925,전라남도 장흥군 안양면 로하스로 157,폭우로 인한 법면 유실,14133233.44,580,POINT(14133233.437899999 4120248.9249),0
2020,10,14952,0,08,"전라남도 장흥군 안양면 사촌리 373-1 (위임국도 77호선, 18호선)",0,4114005.921,,폭우로 인한 법면 유실,14138254.56,581,POINT(14138254.5562 4114005.9212000002),0
2020,11,1922,0,08,전라남도 장흥군 장평면 어곡리 182-12 (농어촌도로 101호선),0,4140023.386,,폭우로 인한 법면 유실,14134386.45,582,POINT(14134386.445699999 4140023.3859999999),0
2020,11,3844,0,08,전라남도 장흥군 장동면 봉동리 921-1 (농어촌도로 101호선),0,4133511.057,,폭우로 인한 법면 유실,14138172.56,583,POINT(14138172.5606 4133511.0564999999),0
2020,11,1709,0,08,전라남도 장흥군 장평면 선정리 산8-4 (지방도 836호선),0,4135959.483,,폭우로 인한 법면 유실,14135801.06,584,POINT(14135801.0571 4135959.4832000001),0
2020,11,1602,0,08,전라남도 장흥군 장평면 어곡리 233-4 (지방도 843호선),0,4139701.466,,폭우로 인한 법면 유실,14134557.33,585,POINT(14134557.3343 4139701.4663999998),0
2020,12,14707,0,08,전라남도 장흥군 장흥읍 금산리 산47-2,0,4123252,,폭우로 인한 법면 유실,14132034.73,586,POINT(14132034.7335 4123252.0003999998),0
2017,16,8886,0,07,충청북도 진천군 이월면 사곡리 499,0,4423925.856,,호우로 인한 제방 유실,14185221.85,587,POINT(14185221.8539 4423925.8554999996),0
2017,16,2103,0,07,충청북도 진천군 이월면 삼용리 1016,0,4426790.031,,호우로 인한 법면 유실,14190403.78,588,POINT(14190403.7762 4426790.0313999997),0
2017,16,701,0,07,충청북도 진천군 이월면 사곡리 120,0,4424848.572,,호우로 인한 제방 유실,14184734.39,589,POINT(14184734.3859 4424848.5718),0
2017,16,15233,0,07,충청북도 진천군 이월면 노원리 346,0,4425699.117,,호우로 인한 세천 제방 유실,14184995.43,590,POINT(14184995.4301 4425699.1173999999),0
2017,16,350,0,07,충청북도 진천군 이월면 중산리 114-5,0,4427670.668,,호우로 인한 제방 유실,14185657.45,591,POINT(14185657.4471 4427670.6683999998),0
2017,16,701,0,07,충청북도 진천군 이월면 중산리 413,0,4426850.734,,호우로 인한 소하천 둑 제방 유실,14186800.92,592,POINT(14186800.9209 4426850.7337999996),0
2017,16,152685,0,07,충청북도 진천군 이월면 송림리 산29-1,0,4428960.777,,호우로 인한 간선임도 성토부 산사태,14182497.2,593,POINT(14182497.198100001 4428960.7768000001),0
2019,11,0,0,03,부산광역시 사상구 엄궁로 202,0,4181657.92,부산시 사상구 엄궁동 35-1,해빙기 동결융해 과정 및 수목 뿌리 발육 등에 따른 수직ㆍ수평방향 분리 균열 발생 등,14357353.18,594,POINT(14357353.1788 4181657.9204000002),0
2020,26,0,0,02,,0,4505333.759,인천광역시 중구 항동1가 2-43,토사의측압으로 인한 남측 옹벽 전도,14094982.82,595,POINT(14094982.823799999 4505333.7592000002),0
2020,26,0,0,02,인천광역시 중구 제물량로 257,0,4505396.739,인천광역시 중구 항동1가 3-2,축대 붕괴,14094925.61,596,POINT(14094925.605599999 4505396.7385999998),0
2016,08      ,20000,0,06,전라북도 전주시 덕진구 진북동 산65-2,0,4276536.175,,폭우로 인한 암반사면 낙석,14151895.64,453,POINT(14151895.6361 4276536.1754000001),0
2016,20,0,0,06,경기도 수원시 권선구 곡반정동 553번지,7,4472555.031,,"공사(콘크리트 타설) 중
바닥 붕괴",14140988.25,454,POINT(14140988.2468 4472555.0310000004),7
2016,,0,0,07,강원도 원주시 단구동 1433-27,0,4483816.917,,호우로 인한 전석 붕괴,14245400.28,455,POINT(14245400.280099999 4483816.9167999998),0
2016,,0,0,07,강원도 원주시 지정면 보통리 664,0,4488390.031,,호우로 인한 경사지 붕괴,14235580.12,456,POINT(14235580.119899999 4488390.0306000002),0
2016,,0,0,07,강원도 원주시 태장동 937-2,0,4491148.329,,호우로 인한 하천제방붕괴,14243267.51,457,POINT(14243267.51 4491148.3293000003),0
2016,,0,0,07,강원도 원주시 소초면 수암리 753-7(패션아웃렛 내),0,4494967.501,강원도 원주시 소초면 치악로 2553,호우로 인한 석축 붕괴,14247711.38,458,POINT(14247711.384 4494967.5006999997),0
2016,,0,0,07,강원도 원주시 단계동 149-24,0,4489007.147,강원도 원주시 원문로118번길 7-1,호우로 인한 붕괴,14241540.37,459,POINT(14241540.3739 4489007.1470999997),0
2016,,0,0,07,강원도 원주시 우산동 823(옹벽),0,4489879.876,강원도 원주시 봉화로 231,호우로 인한 옹벽 상부 펜스 및 조경석 붕괴,14241183.28,460,POINT(14241183.2751 4489879.8757999996),0
2016,04      ,0,0,07,부산광역시 동구 초량동 1127-51,0,4179943.156,,"장마기간 집중호우(누적 166mm, 사고당일 72mm)로 지반약화 등",14364020.1,461,POINT(14364020.1031 4179943.1554999999),0
2016,05      ,0,0,07,인천광역시 부평구 부평동 750-101(신축공사현장 옆 이면도로),0,4507528.585,인천광역시 부평구 동수북로 114,싱크홀 발생,14106276.52,462,POINT(14106276.520099999 4507528.5853000004),0
2016,05      ,176620,0,07,경기도 가평군 가평읍 개곡리 산 261-1,0,4558002.575,,집중호우로 인한 도로비탈면 붕괴,14197689.75,463,POINT(14197689.748199999 4558002.5747999996),0
2016,05      ,0,0,07,서울특별시 송파구 신천동 1,0,4512045.375,서울특별시 송파구 송파대로 624,조사중,14148539.63,464,POINT(14148539.6327 4512045.375),0
2016,07      ,10000,0,07,,0,4180058.824,부산광역시 동구 영초길247-18 맞은편,축대 붕괴,14364038.86,465,POINT(14364038.861500001 4180058.8237000001),0
2016,09      ,0,0,07,서울특별시 송파구 거여동 42-18,0,4508267.966,서울특별시 송파구 거마로 18,주택 노후로 인한 붕괴,14153752.17,466,POINT(14153752.1678 4508267.9661999997),0
2016,29,10000,0,08,경상북도 포항시 북구 환호동 산65,0,4309375.178,,우천으로 인한 낙석발생,14404307.58,467,POINT(14404307.577299999 4309375.1782999998),0
2016,05      ,196308,0,10,울산광역시 울주군 웅촌면 은현리 산137-1,0,4227874.132,,태풍 '차바'로 인한 토석류 발생,14377589.96,468,POINT(14377589.9593 4227874.1320000002),0
2016,05      ,54530,0,10,울산광역시 울주군 웅촌면 곡천리 산24-1,0,4227678.606,,태풍 '차바'로 인한 토석류 발생,14383223.6,469,POINT(14383223.601500001 4227678.6059999997),0
2016,05      ,239933,0,10,울산광역시 울주군 청량읍 율리 산337,0,4236179.055,,태풍 '차바'로 인한 토석류 발생,14384627.37,470,POINT(14384627.373400001 4236179.0548),0
2016,05      ,174496,0,10,울산광역시 울주군 청량읍 율리 산103,0,4235360.027,,태풍 '차바'로 인한 토석류 발생,14384829.38,471,POINT(14384829.3825 4235360.0273000002),0
2016,05      ,327181,0,10,울산광역시 울주군 웅촌면 은현리 산241-1,0,4226036.97,,태풍 '차바'로 인한 토석류 발생,14378000.68,472,POINT(14378000.684900001 4226036.9703000002),0
2016,05      ,87248,0,10,울산광역시 울주군 범서읍 중리 산204,0,4247165.438,,태풍 '차바'로 인한 토석류 발생,14385337.39,473,POINT(14385337.3894 4247165.4379000003),0
2016,05      ,43624,0,10,울산광역시 울주군 청량읍 율리 산17,0,4236333.539,,태풍 '차바'로 인한 토석류 발생,14386962.84,474,POINT(14386962.843599999 4236333.5388000002),0
2016,05      ,60894,0,10,제주특별자치도 제주시 추자면 예초리 322-1번지 (지방도 1114호선),0,4022332.013,,태풍 차바로 인한 법면 석축 붕괴,14062737.99,475,POINT(14062737.994899999 4022332.0134000001),0
2016,15,0,2,12,경상북도 영주시 문수면 수도리 139,0,4401993.994,,문화재 시굴 매몰사고,14319505.77,476,POINT(14319505.770500001 4401993.9939999999),1
2016,22,100000,0,12,,0,4461637.196,강원도 태백시 대학길 80,옹벽 붕괴(원인 파악중),14357615.4,477,POINT(14357615.4012 4461637.1960000005),0
2017,30,0,0,05,인천광역시 중구 도원동 21-68번지,0,4504623.942,,"(빈집)건물 노후화로 인한
지붕 일부 붕괴",14097381.71,478,POINT(14097381.7092 4504623.9420999996),0
2017,27,0,0,06,울산광역시 동구 화정동 산160-1,0,4231818.402,울산광역시 동구 봉수로 101(화정동),붕괴,14406626.32,479,POINT(14406626.323899999 4231818.4016000004),0
2017,02      ,0,0,07,인천광역시 부평구 십정동 94-16,0,4506457.336,"인천광역시 부평구 여우재로 26번길 28-9(십정동, 그린힐타운)",주차장 외벽 일부 붕괴,14103286.58,480,POINT(14103286.578400001 4506457.3356999997),0
2017,14,0,0,07,충청북도 청주시 상당구 낭성면 무성리 18-2,0,4390814.305,충청북도 청주시 상당구 낭성면 갈산무성길 85,집중호우,14201886.11,481,POINT(14201886.107100001 4390814.3051000005),0
2017,14,0,0,07,충청북도 청주시 상당구 미원면 운암리 302-1,0,4384181.677,충청북도 청주시 상당구 미원면 운암2길 39,집중호우,14214113.22,482,POINT(14214113.2203 4384181.6766999997),0
2017,14,0,0,07,충청북도 청주시 청원구 오창읍 화산리 62,0,4400444.416,충청북도 청주시 청원구 오창읍 꽃화산1길 35-8,집중호우,14181386.97,483,POINT(14181386.974400001 4400444.4155000001),0
2017,14,0,0,07,충청북도 청주시 상당구 낭성면 이목리 174-1,0,4386965.09,충청북도 청주시 상당구 낭성면 이목정봉길 30,집중호우,14204077.57,484,POINT(14204077.566500001 4386965.0899999999),0
2017,14,0,0,07,충청북도 청주시 상당구 미원면 금관리 383-3,0,4386251.892,,집중호우,14217403.15,485,POINT(14217403.153000001 4386251.8918000003),0
2017,14,0,0,07,충청북도 청주시 상당구 가덕면 한계리 349-2,0,4385445.952,충청북도 청주시 상당구 가덕면 한계1길 191-29,집중호우,14200147.22,486,POINT(14200147.2213 4385445.9523999998),0
2017,14,0,0,07,충청북도 청주시 상당구 미원면 금관리 388,0,4386276.039,충청북도 청주시 상당구 미원면 운암계원로 574-24,집중호우,14217553.83,487,POINT(14217553.834100001 4386276.0389),0
2017,14,0,0,07,충청북도 청주시 상당구 월오동 559-48,0,4385376.798,충청북도 청주시 상당구 다리실로115번길 6-11 (월오동),집중호우,14197086.65,488,POINT(14197086.653999999 4385376.7982999999),0
2017,14,0,0,07,충청북도 청주시 상당구 미원면 운암리 215,0,4385284.479,충청북도 청주시 상당구 미원면 운암3길 12-11,집중호우,14213549.26,489,POINT(14213549.263499999 4385284.4785000002),0
2017,14,0,0,07,충청북도 청주시 상당구 미원면 운암리 99,0,4383937.766,충청북도 청주시 상당구 미원면 운암계원로 84-37,집중호우,14214772.77,490,POINT(14214772.770099999 4383937.7659),0
2017,14,0,0,07,충청북도 청주시 상당구 월오동 산11-1,0,4387258.363,충청북도 청주시 상당구 다리실로249번길 181-14 (월오동),집중호우,14198223.75,491,POINT(14198223.753900001 4387258.3629000001),0
2017,14,0,0,07,충청북도 청주시 상당구 낭성면 관정리 51-1,0,4385653.236,충청북도 청주시 상당구 낭성면 관정2길 48,집중호우,14208701.23,492,POINT(14208701.2334 4385653.2359999996),0
2017,14,0,0,07,충청북도 청주시 상당구 월오동 505-1,0,4385275.269,충청북도 청주시 상당구 다리실로69번길 61-13 (월오동),집중호우,14196673.76,493,POINT(14196673.7552 4385275.2685000002),0
2017,14,0,0,07,충청북도 청주시 흥덕구 송절동 48,0,4392587.162,충청북도 청주시 흥덕구 신정로 5 (송절동),집중호우,14189182.89,494,POINT(14189182.8861 4392587.1622000001),0
2017,14,0,0,07,충청북도 청주시 상당구 월오동 559-30,0,4385383.432,충청북도 청주시 상당구 다리실로115번길 13 (월오동),집중호우,14197012.14,495,POINT(14197012.1359 4385383.4315999998),0
2017,14,0,0,07,충청북도 청주시 상당구 운동동 67,0,4384383.197,충청북도 청주시 상당구 목련로214번길 29(운동동),집중호우,14196324.43,496,POINT(14196324.427100001 4384383.1967000002),0
2017,14,0,0,07,충청북도 청주시 상당구 미원면 어암리 3,0,4385672.197,,집중호우,14221154.3,497,POINT(14221154.2991 4385672.1973000001),0
2012,17,0,0,09,울산광역시 울주군 상북면 이천리 559,0,4237340.987,,폭우 인한 하천제방유실,14361666.44,197,POINT(14361666.437100001 4237340.9867000002),0
2012,17,0,0,09,울산광역시 울주군 상북면 길천리 508-8,0,4243092.025,,폭우 인한 하천제방유실,14370014.46,198,POINT(14370014.458799999 4243092.0248999996),0
2012,17,0,0,09,울산광역시 울주군 상북면 등억알프스리 687,0,4240952.466,,폭우 인한 하천제방유실,14366712.75,199,POINT(14366712.7531 4240952.4661999997),0
2012,17,0,0,09,울산광역시 울주군 상북면 이천리 737,0,4235455.328,,폭우 인한 잠수교입구파손,14361266.84,200,POINT(14361266.8432 4235455.3278000001),0
2013,26,0,0,03,대구광역시 달성군 현풍면 원교리 407-1 현풍119안전센터,3,4257080.886,,도로상 관로(배관)공사중 토사가 붕괴되어  3명 부상,14298683.67,222,POINT(14298683.668099999 4257080.8855999997),3
2013,12,216643,0,04,경상북도 경주시 안강읍 산대리 1245-1,0,4301570.49,,"시설노후로 복통(제방 밑 물 공급하는 관수로)누수로 
토사 유출 붕괴사고",14381283.72,223,POINT(14381283.7162 4301570.4895000001),0
2013,07      ,0,0,05,울산광역시 울주군 두동면 만화리 58-10,0,4253106.451,,폭우 인한 석축 붕괴,14385687.65,224,POINT(14385687.648700001 4253106.4506000001),0
2013,21,0,0,05,전라북도 정읍시 상동 209-3,1,4240243.94,,건축물 신축공사장 천정붕괴에 의한 부상,14123107.79,225,POINT(14123107.785700001 4240243.9400000004),1
2013,06      ,0,0,06,광주광역시 광산구 월계동 893-1,6,4193066.885,,"콘크리트 타설작업중 2층 구조물이 붕괴되면서
작업인부 6명이 구조물과 함께 매몰됨",14120635.09,226,POINT(14120635.087099999 4193066.8851000001),6
2013,14,0,0,06,충청남도 당진시 석문면 장고항리 172-9 (해안가),1,4443005.898,,해안가 사면 석축 붕괴,14089064.27,227,POINT(14089064.2707 4443005.8980999999),1
2013,02      ,0,0,07,부산광역시 사상구 엄궁동 25-3 (엄궁동 엄궁교회 신축현장),0,4181872.822,,장마철 우수로 인한 지반 약화,14357261.3,228,POINT(14357261.299900001 4181872.8220000002),0
2013,04      ,0,3,07,경상북도 울진군 금강송면 소광리 산11 (송전선로 공사현장),0,4436855.7,,공사현장에서 작업하던 인부 3명이 위로 철탑의 붕괴로 인해 철재물이 낙하하여 부상,14389165.05,229,POINT(14389165.0493 4436855.6995000001),3
2013,07      ,0,0,07,서울특별시 송파구 오금동 74-10,0,4509688.318,,집중폭우로 인한 지반침하,14152702.81,230,POINT(14152702.805400001 4509688.3183000004),0
2013,11,0,0,07,경상북도 영주시 풍기읍 동부리 454-4,0,4420934.134,,오래된 집 우측부분 붕괴-노부부2인거주였으나 당시 대피함,14308251.67,231,POINT(14308251.672700001 4420934.1342000002),0
2013,13,0,0,07,서울특별시 송파구 마천동 12-11,0,4509348.01,,집중호우로 인한 담장 붕괴,14153687.82,232,POINT(14153687.818 4509348.0097000003),0
2013,18,0,0,07,서울특별시 송파구 거여동 204-63,0,4508304.463,,건물 노후화,14154207.88,233,POINT(14154207.8751 4508304.4627999999),0
2013,19,0,0,07,울산광역시 중구 옥교동 277-1,0,4239348.657,,건물철거 작업장,14396127.39,234,POINT(14396127.3949 4239348.6564999996),0
2013,22,0,0,07,강원도 평창군 봉평면 덕거리 282,0,4527581.148,,집중호우로 인한 산사태 발생,14293706.61,235,POINT(14293706.6121 4527581.1481999997),0
2013,23,0,0,07,강원도 평창군 진부면 두일리 산79,0,4534890.847,,집중호우로 인한 산사태 발생,14309485.37,236,POINT(14309485.372300001 4534890.8468000004),0
2013,23,0,0,07,강원도 평창군 진부면 거문리 산181,0,4523167.108,,집중호우로 인한 산사태 발생,14306131.96,237,POINT(14306131.9594 4523167.1079000002),0
2013,31,0,0,07,,0,4430947.405,충청북도 음성군 음성읍 교동1길 4,집중호우로 인한 담장 붕괴,14214287.89,238,POINT(14214287.885 4430947.4051999999),0
2013,21,0,0,08,경상북도 영양군 영양읍 감천리 604-1,0,4386194.519,,도로 낙석발생,14369825.89,239,POINT(14369825.8859 4386194.5186000001),0
2013,30,0,0,08,강원도 원주시 무실동 641-1,1,4485187.707,,아파트 공사장 철근이 떨어지면서 인부 1명 깔림,14240252.84,240,POINT(14240252.839600001 4485187.7066000002),1
2013,01      ,0,0,09,경상북도 안동시 안기동 207-2 일대,0,4379971.687,,안기동 208번지의 정지작업 중 인접건물의 축대가 붕괴되어 주택   균열 및 손상,14328994.65,241,POINT(14328994.6483 4379971.6869000001),0
2013,02      ,0,1,09,경상남도 거창군 웅양면 산포리 산9,1,4280605.265,,지반이 무너지며 차량과 사람이 약5m 아래로 추락하여 매몰됨.,14242643.76,242,POINT(14242643.756200001 4280605.2647000002),0
2013,04      ,0,0,10,대구광역시 달성군 다사읍 죽곡리 204,1,4281139.311,,건물외벽 3층 비계(아시바) 붕괴로 현장인부 1명 추락,14300573.99,243,POINT(14300573.9878 4281139.3112000003),1
2013,05      ,0,0,10,전라북도 전주시 덕진구 덕진동1가1263-4,1,4279012.979,,공사장 흙이 붕괴되어 매몰,14151674.13,244,POINT(14151674.1251 4279012.9789000005),1
2013,08      ,0,0,10,울산광역시 북구 진장동 650 세차장,0,4241018.584,,강풍에 의한 축대붕괴,14400320.34,245,POINT(14400320.337300001 4241018.5844000001),0
2013,16,0,0,11,울산광역시 중구 태화동 산34-2 LH공사장,1,4240108.689,,공사현장에서 굴착공사 중 토사붕괴,14393383.83,246,POINT(14393383.829600001 4240108.6893999996),1
2013,01      ,0,0,12,전라북도 정읍시 감곡면 승방리 183-2,1,4262088.074,,교통사고에 의한 버스승강장 붕괴,14125669.03,247,POINT(14125669.028899999 4262088.0740999999),1
2013,13,0,0,12,전라북도 정읍시 산내면 매죽리 산213-9,0,4239914.942,,붕괴위험지역 지정고시,14139458.31,248,POINT(14139458.3102 4239914.9418000001),0
2013,13,0,0,12,전라북도 정읍시 산내면 매죽리 산212-8,0,4238962.935,,붕괴위험지역 지정고시,14139106.04,249,POINT(14139106.040200001 4238962.9353),0
2013,13,0,0,12,전라북도 정읍시 정우면 산북리 산28-1,0,4246168.672,,붕괴위험지역 지정고시,14137725.21,250,POINT(14137725.2095 4246168.6721999999),0
2013,13,0,0,12,전라북도 정읍시 금붕동 산133,0,4237890.071,,붕괴위험지역 지정고시,14126060.53,251,POINT(14126060.5296 4237890.0707),0
2013,13,0,0,12,전라북도 정읍시 시기동 83-16,0,4238551.774,,붕괴위험지역 지정고시,14122260.96,252,POINT(14122260.955399999 4238551.7737999996),0
2013,13,0,0,12,전라북도 정읍시 칠보면 와우리 산38,0,4238545.827,,붕괴위험지역 지정고시,14122241.32,253,POINT(14122241.321 4238545.8272000002),0
2013,13,0,0,12,전라북도 정읍시 장명동 산1,0,4241479.561,,붕괴위험지역 지정고시,14121861.47,254,POINT(14121861.472200001 4241479.5612000003),0
2014,09      ,0,0,01,울산광역시 울주군 온산읍 산암리 360,1,4224109.624,,슬러지(부유물) 탱크 내 슬러지 붕괴,14398534.58,255,POINT(14398534.5834 4224109.6244000001),1
2014,10,0,0,02,울산광역시 북구 효문동 196-3 동진오토텍,0,4241777.632,,폭설로 공장지붕 붕괴,14401446.81,256,POINT(14401446.8082 4241777.6321999999),0
2014,10,0,1,02,울산광역시 북구 효문동 81-1 세진글라스,3,4240910.761,,폭설로 공장지붕 붕괴,14402362.36,257,POINT(14402362.3618 4240910.7607000005),2
2014,10,0,1,02,울산광역시 북구 연암동 1367 금영ETS,1,4243073.494,,폭설로 공장지붕 붕괴,14401915.97,258,POINT(14401915.967900001 4243073.4939999999),0
2014,11,0,0,02,울산광역시 북구 화봉동 642-1 드림마트,0,4244566.395,,폭설로  인한 샌드위치 판넬 붕괴,14400261.63,259,POINT(14400261.625299999 4244566.3948999997),0
2014,11,0,0,02,울산광역시 북구 연암동 945 덕양산업,0,4242935.453,,폭설로 공장지붕 붕괴,14400790.43,260,POINT(14400790.432399999 4242935.4528999999),0
2014,11,0,0,02,울산광역시 중구 성안동 519-8 (성안중학교 배드민턴장),0,4241957.965,,폭설에 따른 학교 건축물(실내배드민턴장 지붕) 붕괴,14395619.51,261,POINT(14395619.511700001 4241957.9652000004),0
2014,11,0,0,02,울산광역시 중구 남외동 549-31 공사장,0,4241812.597,,폭설로 인한 공사장 붕괴,14399093.43,262,POINT(14399093.430500001 4241812.5968000004),0
2014,11,0,0,02,울산광역시 북구 화봉동 448-1 (화봉시장),0,4244190.811,,폭설에 따른 화봉시장 가설지붕 붕괴대비 안전조치,14400880.39,263,POINT(14400880.3879 4244190.8114),0
2014,11,0,0,02,울산광역시 북구 효문동 산68-1,0,4241942.645,,폭설로 공장지붕 붕괴,14402025.47,264,POINT(14402025.466800001 4241942.6452000001),0
2014,12,0,0,02,울산광역시 중구 동동 471-28,0,4241989.947,,폭설로 인해 가옥의 섀시로 된 보일러실 지붕 붕괴,14399041.17,265,POINT(14399041.169600001 4241989.9469999997),0
2014,12,15000,0,02,울산광역시 남구 야음동 168-1,0,4235324.255,,폭설로 인한 지붕붕괴,14398375.38,266,POINT(14398375.3824 4235324.2549000001),0
2014,13,0,0,02,강원도 삼척시 남양동 341 모델하우스,0,4500651.398,,폭설로 인해 모델하우스 지붕 일부가 무너짐,14379040.92,267,POINT(14379040.9219 4500651.398),0
2014,17,0,12,02,경상북도 경주시 양남면 신대리 1265-3,10,4256880.831,,"2.17 강설 종료 후 지붕 제설 작업 미이행, 건축물 구조 및 시공에 대한 문제",14401220.01,268,POINT(14401220.0121 4256880.8306),22
2014,17,10887000,18,02,경상북도 경주시 양남면 신대리 산140-1,10,4257774.869,경상북도 경주시 양남면 동남로 982,유례없는 폭설과 습설 및 P.E.B공법 설계기준 부재,14401752.85,269,POINT(14401752.8464 4257774.8688000003),28
2014,17,2200000,10,02,,135,4258176.567,경상북도 경주시 양남면 동남로 982,습설에 의한 체육관 지붕 붕괴,14402010.98,270,POINT(14402010.9794 4258176.5668000001),125
2014,26,0,1,02,,1,4502998.566,강원도 횡성군 우천면 수남로 266번길 57,리모텔링 작업중 시멘트벽체 붕괴,14255692.12,271,POINT(14255692.118100001 4502998.5663000001),0
2014,01      ,0,0,03,대전광역시 중구 대흥동 326-166,0,4344538.013,,신축공사장 통로 지반붕괴,14184452.01,272,POINT(14184452.011299999 4344538.0129000004),0
2014,03      ,0,0,03,강원도 동해시 삼화동 200 (쌍용양회동해공장),1,4506803.154,,쌍용양회 야적장(석회석) 붕괴 매몰 추정,14366456.47,273,POINT(14366456.4692 4506803.1535),1
2014,29,0,0,03,울산광역시 중구 교동 173-5,1,4240382.972,,주택 담벼락 붕괴,14395309.59,274,POINT(14395309.5902 4240382.9716999996),1
2004,17,0,0,09,서울특별시 성북구 삼선동1가 306-3,1,4520381.254,,건물 노화로 인한 붕괴,14138634.93,1,POINT(14138634.931299999 4520381.2538000001),1
2005,24,0,5,09,충청북도 음성군 대소면 오류리 602-1,6,4436421.001,,"슬라브거푸집 제거작업중
콘크리트 슬라브 지붕판 붕괴",14190158.82,2,POINT(14190158.8244 4436421.0006999997),1
2006,16,75000,1,07,경기도 가평군 설악면 엄소리 33-24,3,4528081.898,,집중호우로 인한 산사태,14194654.38,3,POINT(14194654.376399999 4528081.8975999998),2
2006,22,50000,1,07,경기도 화성시 남양읍 북양리 77-16,3,4469756.743,,산지전용부지 불법훼손에 따른 붕괴,14119926.49,4,POINT(14119926.4856 4469756.7429999998),2
2006,26,3000,0,07,부산광역시 부산진구 전포동 564-3,13,4186376.375,,노후로 인한 건물(일제시대 지어진 목조건물) 붕괴,14367502.39,5,POINT(14367502.3859 4186376.3753999998),13
2006,15,0,1,08,충청북도 진천군 이월면 중산리 산10-1,1,4425387.391,충청북도 진천군 이월면 생거진천로 1770,공장내 도로 뒷길 붕괴,14187794.29,6,POINT(14187794.287900001 4425387.3908000002),0
2006,14,0,0,12,충청북도 진천군 진천읍 벽암리 570-1,5,4419763.968,,콘크리트 타설 중 지지대 붕괴,14186499.93,7,POINT(14186499.93 4419763.9678999996),5
2007,01      ,0,1,02,부산광역시 영도구 남항동2가 16,1,4175878.259,,지상 4층 건물 철거 작업중 붕괴 압사,14364094.17,8,POINT(14364094.1653 4175878.2590000001),0
2007,13,0,1,02,대구광역시 중구 종로1가 48,3,4282752.388,,건물 철거작업중 진동으로 목조 건물 붕괴,14314844.18,9,POINT(14314844.1753 4282752.3879000004),2
2007,28,0,0,03,울산광역시 남구 여천동 190,1,4236340.034,,배관매설작업중 토사 붕괴,14400617.88,10,POINT(14400617.881999999 4236340.0335999997),1
2007,12,0,1,08,인천광역시 남동구 구월동 349-93,1,4502328.184,,교회 철탑 붕괴,14106621.87,11,POINT(14106621.8665 4502328.1835000003),0
2007,19,0,0,09,서울특별시 영등포구 여의도동 23,0,4512536.978,,굴착공사 후 집중호우로 인한 지반 침하로 추정,14129259.5,12,POINT(14129259.495300001 4512536.9775),0
2008,03      ,0,1,06,서울특별시 동대문구 제기동 979,1,4520392.437,,건물 내부수리중 안전조치 부적절,14141776.41,13,POINT(14141776.407299999 4520392.4370999997),0
2008,29,0,1,07,부산광역시 중구 보수동1가 32,1,4178575.654,,학교 공사중 옹벽 붕괴로 토사유출,14362962.89,14,POINT(14362962.8858 4178575.6540999999),0
2008,31,0,1,10,서울특별시 강남구 논현동 119,2,4511480.717,,옛 나산백화점 철거공사중 구조물 붕괴,14142122.38,15,POINT(14142122.3771 4511480.7171999998),1
2008,25,0,1,11,서울특별시 서대문구 남가좌동 124-149,1,4519179.909,,재개발 공사현장 주택철거중 난간붕괴,14128683.69,16,POINT(14128683.6888 4519179.9093000004),0
2010,23,0,1,02,경상북도 포항시 남구 송도동 253-55,1,4307257.699,,시멘트 저장창고 청소 작업 중 인부1명이 매몰,14402007,17,POINT(14402007.002900001 4307257.699),0
2010,26,0,0,02,인천광역시 남구 학익동 646,1,4501108.159,,낙하/안전사고,14101454.37,18,POINT(14101454.372300001 4501108.1594000002),1
2010,29,0,1,03,경상북도 울진군 원남면 금매리 379,1,4430286.562,,벌목 작업 중 소나무에 압사 추정,14403227.54,19,POINT(14403227.536499999 4430286.5614999998),0
2010,29,0,1,03,경상북도 고령군 개진면 양전리 398-3,1,4262209.526,,중량물 전도 깔림 추정,14281981.23,20,POINT(14281981.231000001 4262209.5263999999),0
2010,03      ,0,0,04,인천광역시 강화군 송해면 하도리 361-1,2,4545528.715,,공사중 붕괴,14078253.59,21,POINT(14078253.594599999 4545528.7150999997),2
2010,05      ,0,1,04,부산광역시 북구 화명동 898-2,1,4194679.415,,주민공동이용시설 거푸집 붕괴 사고,14361624.15,22,POINT(14361624.1483 4194679.4151999997),0
2010,02      ,0,0,07,경상남도 사천시 실안동 1131,0,4157545.924,,공사현장 토사붕괴,14252655.74,23,POINT(14252655.740499999 4157545.9238999998),0
2010,05      ,0,1,07,경상북도 봉화군 봉성면 금봉리 710-2,1,4425398.111,,컨베이어벨트 밑에 깔려 사망,14335222,24,POINT(14335222.002599999 4425398.1113),0
2010,09      ,0,1,07,경기도 성남시 분당구 야탑동 757,1,4495376.741,,소화전 배관공사 중 흙더미가 무너져 공사인부 1명 사망,14152218.03,25,POINT(14152218.0308 4495376.7413999997),0
2010,17,0,0,08,인천광역시 서구 오류동 1206-3,2,4521490.476,,지반붕괴,14093802.75,26,POINT(14093802.7522 4521490.4762000004),2
2010,27,0,0,08,인천광역시 부평구 부평동 274-21,1,4507690.44,,천정 무너짐,14105504.46,27,POINT(14105504.461100001 4507690.4402999999),1
2010,14,0,0,09,경기도 성남시 분당구 서현동 261-5,0,4493054.458,,집중호우로 인한 지반 약화로 흙막이 붕괴(추정),14151122.88,28,POINT(14151122.884199999 4493054.4578),0
2010,09      ,0,0,10,경기도 양주시 남면 상수리 665-3,10,4560547.805,,옥상 거푸집에 콘크리트 타설중 콘크리트 무게를 견디지 못하고 거푸집과 철근이 일부 붕괴,14137388.32,29,POINT(14137388.321699999 4560547.8046000004),10
2010,12,0,0,11,인천광역시 강화군 불은면 삼성리 826-2,1,4537983.009,,흙더미 붕괴,14075605.77,30,POINT(14075605.765000001 4537983.0086000003),1
2010,09      ,0,1,12,경상북도 봉화군 석포면 석포리 555,1,4445543.252,,옥외탱크 심시계단 설치 중 붕괴 추정,14366707.35,31,POINT(14366707.348300001 4445543.2523999996),0
2011,05      ,0,0,01,울산광역시 울주군 상북면 덕현리 산23-1,1,4251007.493,,석축 작업장 토사붕괴,14366504.77,32,POINT(14366504.7664 4251007.4929999998),1
2011,13,0,4,01,강원도 강릉시 성산면 산북리 1271-3,9,4537406.884,,배수로 콘크리트 타설 공사 중 지붕(거푸집)이 붕괴,14340257.65,33,POINT(14340257.6482 4537406.8837000001),5
2011,11,1297000,7,02,강원도 삼척시 남양동 55-4 (중앙시장),0,4500912.45,,폭설로 인한 비가림시설 붕괴,14378609.73,34,POINT(14378609.730900001 4500912.4504000004),7
2011,14,0,0,02,울산광역시 동구 화정동 849-27 (CN마트),0,4231820.522,,폭설,14406947.27,35,POINT(14406947.272299999 4231820.5219000001),0
2011,14,0,0,02,강원도 삼척시 원덕읍 월천리 631-2,0,4462660.825,,"폭설로 인하여 축사붕괴, 한우 5두 압사",14397233.72,36,POINT(14397233.715299999 4462660.8247999996),0
2011,15,0,0,02,강원도 삼척시 원당동 117,0,4500515.47,,폭설로 인한 지붕붕괴 고립자 발생,14377067.81,37,POINT(14377067.8148 4500515.4698999999),0
2011,16,0,0,02,강원도 삼척시 정상동 386-5,0,4500242.081,,지붕의 눈이 떨어지면서 담벼락 붕괴,14379373.11,38,POINT(14379373.106699999 4500242.0812999997),0
2011,23,0,0,02,강원도 삼척시 남양동 15-9,0,4501223.486,,지붕위 눈에 의하여 간판이 밀림,14379011.28,39,POINT(14379011.2772 4501223.4857999999),0
2011,23,0,0,02,강원도 삼척시 근덕면 매원리 78-6,0,4483585.904,,보일러 창고 지붕이 붕괴된 상황,14390586.93,40,POINT(14390586.929199999 4483585.9035),0
2011,04      ,0,1,03,경상북도 상주시 내서면 능암리 322,1,4356223.628,,5톤 덤프트럭에서 화목용 나무를 마 당에 적재하던 중 나무가 쏟아져 압사,14259021.79,41,POINT(14259021.7893 4356223.6276000002),0
2011,17,0,2,03,,4,4472484.47,경기도 용인시 기흥구 서천동로 21번길 5,"건물 남측입면 높이 약20m, 넓이 약45m 규모의 가설비계 붕괴",14146148.63,42,POINT(14146148.6327 4472484.4694999997),2
2011,31,0,0,03,전라북도 익산시 왕궁면 구덕리 산214,1,4291846.149,,축사 철거 중 지붕 붕괴,14147517.52,43,POINT(14147517.52 4291846.1487999996),1
2011,31,0,0,03,대구광역시 달서구 갈산동 358-73,2,4278384.03,,건축물 철거작업중 외벽 붕괴,14304417.14,44,POINT(14304417.138599999 4278384.0300000003),2
2011,09      ,0,0,04,,0,4232871.953,전라북도 정읍시 입암면 차단길 40-44,재래식 우사붕괴로 내부에 갇힘(부상 없음),14112864.39,45,POINT(14112864.3912 4232871.9529999997),0
2011,16,0,0,04,,1,4247522.599,전라북도 정읍시 북면 3산단2길 2,공장 신축 중 붕괴에 의한 부상,14127634.94,46,POINT(14127634.938300001 4247522.5991000002),1
2011,10,1000,0,05,강원도 태백시 황지동 59-163,0,4462354.916,,황지중 관사 옹벽보강 작업을 위해 터파기 작업 후 비가 내려 붕괴,14358867.41,47,POINT(14358867.413799999 4462354.9155000001),0
2011,20,0,0,05,대전광역시 중구 선화동 21-8,0,4346089.91,,골목길 에서 세멘트 담벽 젲거중 담벽 일시 무너짐,14184690.83,48,POINT(14184690.8311 4346089.9096999997),0
2011,22,0,0,06,경상북도 봉화군 재산면 갈산리 238,0,4418854.306,,주택 공사중 지붕 붕괴,14364185.92,49,POINT(14364185.920499999 4418854.3060999997),0
2011,25,0,0,06,경상북도 칠곡군 왜관읍 석전리 872 (외 ~ 약목면 관호리),0,4301218.818,,백여년된 교량의 노후화 또는 교각의 침식 으로 발생,14292917.72,50,POINT(14292917.7215 4301218.8183000004),0
2011,26,0,0,06,서울특별시 은평구 역촌동 232 (역촌센트레빌 104동 옆),0,4523509.987,,아파트 옆 옹벽 붕괴,14127109.97,51,POINT(14127109.9739 4523509.9868999999),0
2011,26,15000,0,06,울산광역시 중구 성안동 산160,0,4242481.825,,"배수 불량으로 인한 절개지 붕괴, 배수로 및 휀스 유실",14395119.07,52,POINT(14395119.0746 4242481.8245999999),0
2011,26,0,0,06,울산광역시 울주군 상북면 천전리 313 일원,0,4242005.849,,폭우 인한 제방붕괴,14371094.07,53,POINT(14371094.0713 4242005.8490000004),0
2011,26,0,0,06,울산광역시 울주군 상북면 천전리 304 일원,0,4242142.404,,폭우 인한 제방붕괴,14370983.03,54,POINT(14370983.0287 4242142.4042999996),0
2011,26,0,0,06,울산광역시 울주군 상북면 천전리 455 일원,0,4241191.416,,폭우 인한 축대유실,14371141.13,55,POINT(14371141.127 4241191.4162999997),0
2011,27,0,0,06,울산광역시 중구 성안동 1165 (농경지 법면),0,4243597.376,,"태풍""메아리""",14393772.39,56,POINT(14393772.387599999 4243597.3761),0
2011,04      ,0,0,07,충청북도 충주시 종민동 1018-1,0,4440219.818,,집중호우로 인한 축대(자연석) 붕괴,14246751.6,57,POINT(14246751.604800001 4440219.8179000001),0
2011,04      ,0,0,07,,0,4477492.34,경기도 용인시 기흥구 흥덕중앙로 120,철골 연결 용접부 취약 및 전일 집중호우로 인한 마감재의 함수율 증가에 따른 통로(bridge) 하중증가로 인한 철골 구조물 연결부위의 취성파괴,14146491.91,58,POINT(14146491.912900001 4477492.3403000003),0
2011,09      ,0,0,07,대구광역시 서구 내당동 65-5,2,4281394.371,,천정 붕괴,14311555.69,59,POINT(14311555.6885 4281394.3712999998),2
2011,10,0,0,07,경상북도 영주시 문수면 권선리 304,1,4408339.621,,가정집(부엌) 천장붕괴(원인 미상),14316352.86,60,POINT(14316352.8555 4408339.6211999999),1
2011,11,0,0,07,충청북도 보은군 삼승면 우진리 산13,0,4358780.225,,"농공단지 뒤편 야산에서 산사태가 발생, 흘리내린 토사가 계곡수를 흘려보내는 배수로를 막아 배수기능 마비, 범람한 물과 토사가 도로를 타고 농공단지내로 유입됨",14217984.64,61,POINT(14217984.635500001 4358780.2248),0
2011,11,0,0,07,충청북도 충주시 교현동 148-29,0,4435640.448,,집중호우로 인한 지붕과 건물 외벽 일부 붕괴,14242462.1,62,POINT(14242462.102499999 4435640.4475999996),0
2011,11,0,1,07,울산광역시 중구 복산동 653-24,1,4240703.473,,미상,14396396.87,63,POINT(14396396.869200001 4240703.4726),0
2011,20,0,6,07,서울특별시 강동구 천호동 419-1,2,4514768.956,,후면 3층 노후 건물 보수공사 중 붕괴,14151716.55,64,POINT(14151716.547900001 4514768.9555000002),8
2011,21,0,0,07,강원도 원주시 문막읍 반계리 2251,2,4479685.339,,상수도관 작업중 토사 붕괴,14226415.9,65,POINT(14226415.9048 4479685.3393000001),2
2011,26,51334,0,07,부산광역시 남구 용호3동 산20-1,0,4180689.205,,,14373198.9,66,POINT(14373198.897 4180689.2045),0
2011,26,62967,0,07,부산광역시 남구 용호3동 산35-1,0,4180387.473,,,14373268.7,67,POINT(14373268.6973 4180387.4726999998),0
2011,26,543910,0,07,부산광역시 남구 용호4동 산78-1,0,4179356.185,,집중호우에 따른 산사태,14372100.74,68,POINT(14372100.739700001 4179356.1853),0
2011,26,59116,0,07,부산광역시 남구 용당동 산72,0,4179459.749,,집중호우에 따른 산사태,14370314.13,69,POINT(14370314.125399999 4179459.7486),0
2011,26,50971,0,07,부산광역시 남구 용호동 산195-2,0,4178134.269,,집중호우에 따른 사면유실,14373782.04,70,POINT(14373782.0381 4178134.2686000001),0
2011,26,76640,0,07,부산광역시 남구 용호2동 산157-2,0,4179218.973,,,14373474.94,71,POINT(14373474.939200001 4179218.9731999999),0
2011,26,0,0,07,서울특별시 송파구 마천동 358-15,0,4508436.233,,집중호우로 인한 관내 기존 무허가 건물 지붕붕괴,14154956.84,72,POINT(14154956.8387 4508436.2325999998),0
2011,26,59624,0,07,부산광역시 남구 용호3동 산104-3,0,4179643.214,,,14373363.8,73,POINT(14373363.795 4179643.2138999999),0
2011,26,53712,0,07,부산광역시 남구 용호3동 519-1,0,4179849.842,,집중호우에 따른 축대붕괴,14373358.89,74,POINT(14373358.8926 4179849.8421),0
2011,27,0,13,07,강원도 춘천시 신북읍 천전리 38-28,37,4570089.165,,집중호우에 따른 지반약화,14225956.3,75,POINT(14225956.300000001 4570089.1650999999),24
2011,27,0,0,07,울산광역시 중구 북정동 50-4,0,4240020.784,,주택 담벼락 붕괴 우려에 따른 안전조치,14396192.77,76,POINT(14396192.768300001 4240020.7843000004),0
2011,27,471763,24,07,"강원도 춘천시 신북읍 천전리 산70-1, 산70-2, 산71-3, 산71-5",13,4570170.598,,집중호우로 인한 산사태 발생,14225952.09,77,POINT(14225952.085200001 4570170.5983999996),37
2011,27,0,0,07,인천광역시 강화군 하점면 부근리 681-4,1,4547312.347,,밭 축대 붕괴,14073518.59,78,POINT(14073518.5911 4547312.3474000003),1
2011,28,0,0,07,강원도 원주시 문막읍 건등리 1438,1,4483349.909,,아파트 옥상 거푸집 분리작업 중 거푸집 붕괴사고,14229370.75,79,POINT(14229370.7469 4483349.9094000002),1
2011,30,0,0,07,충청북도 제천시 덕산면 수산리 903,0,4427007.088,,성백우씨 담배건조장 노후로 인한 붕괴(부상자 없음) 창고식으로 재건축,14259647.19,80,POINT(14259647.191 4427007.0875000004),0
2011,06      ,0,0,08,울산광역시 중구 남외동 483-16,0,4241385.647,,굴착기작업중 옥상붕괴,14398652.14,81,POINT(14398652.1382 4241385.6469999999),0
2011,08      ,0,1,08,전라북도 익산시 갈산동 87-4,1,4291605.646,,공중화장실 붕괴,14132439.04,82,POINT(14132439.0404 4291605.6462000003),0
2011,09      ,0,0,08,충청북도 진천군 문백면 봉죽리 257,0,4409170.426,충청북도 진천군 문백면 봉죽2길 20-42 경향렉스빌 101동 뒷산,강우로 인한 토사붕괴,14185175.45,83,POINT(14185175.450099999 4409170.4260999998),0
2011,09      ,0,0,08,충청북도 진천군 광혜원면 금곡리 89,0,4435121.147,충청북도 진천군 광혜원면 금천길 116,태풍으로 인한 가옥붕괴,14186975.82,84,POINT(14186975.822799999 4435121.1464999998),0
2011,09      ,0,0,08,전라북도 정읍시 충정로 324-1,0,4242229.851,,호우에 의한 토사유입으로 주택붕괴(부상 없음),14120750.22,85,POINT(14120750.223300001 4242229.8508000001),0
2011,12,0,0,08,경상북도 영주시 영주동 547,1,4414849.996,,하수작업중 토사 붕괴,14317971.4,86,POINT(14317971.403899999 4414849.9957999997),1
2011,21,0,0,08,경상북도 포항시 남구 호미곶면 대동배리 산95,2,4308507.815,,해변가에서 피서 중 낙석에 피해를 입음,14419011.69,87,POINT(14419011.687100001 4308507.8150000004),2
2011,28,0,0,08,충청북도 보은군 보은읍 성족리 산16,0,4371817.565,,집중호우로 인한 경사면 붕괴,14222195.97,88,POINT(14222195.9658 4371817.5646000002),0
2011,28,0,0,08,,0,4368005.736,충청북도 보은읍 군청길 38-1,집중호우로 인한 경사면 붕괴,14218740.23,89,POINT(14218740.2257 4368005.7361000003),0
2011,07      ,0,0,09,경상북도 봉화군 소천면 분천리 105-1,0,4431374.291,,터널안 공사중 천정붕괴,14370567.09,90,POINT(14370567.086999999 4431374.2911999999),0
2011,10,2000,0,09,경상남도 통영시 정량동 1398,0,4142680.08,,집중호우로 인한 불량토질의 급경사지 붕괴,14297689.79,91,POINT(14297689.7914 4142680.0795999998),0
2011,03      ,0,1,11,경상북도 성주군 선남면 선원리 378-2,2,4282674.054,,상수도 관로 인입공사의 암거 하월 부분 작업 중 토사에 매몰,14290948.19,92,POINT(14290948.1929 4282674.0537),1
2011,07      ,0,0,11,경상북도 김천시 부항면 하대리 717-1,4,4300918.126,,아랫두대 교량 정비공사의 콘크리트 타 설작업중 하중을 견디지 못하고 붕괴,14240439.61,93,POINT(14240439.6127 4300918.1259000003),4
2011,09      ,0,0,11,전라북도 익산시 평화동 37,0,4291601.237,,관거공사 중 토사 붕괴,14131575.51,94,POINT(14131575.510600001 4291601.2368000001),0
2011,11,132615,0,11,경상남도 창원시 마산합포구 구산면 심리 산3,0,4173429.508,,집중호우에 따른 사면붕괴,14319571.65,95,POINT(14319571.653899999 4173429.5077),0
2011,11,38874,0,11,경상남도 창원시 마산합포구 완월동 산98-69,0,4190759.467,,집중호우에 따른 사면붕괴,14310409.01,96,POINT(14310409.005000001 4190759.4668000001),0
2011,25,0,0,11,경기도 성남시 중원구 상대원동 149-1,0,4499941.297,,지하터파기공사중 토압가중에 의한 흙막이 시설붕괴,14156435.6,97,POINT(14156435.6031 4499941.2970000003),0
2014,25,55620,0,08,경상남도 창원시 마산합포구 진전면 평암리 산564 (외 2개소),0,4187334.556,,집중호우에 따른 사면붕괴,14294431.02,352,POINT(14294431.0217 4187334.5556000001),0
2014,25,58670,0,08,부산광역시 북구 구포동 1(양덕여중),0,4191715.849,부산광역시 북구 시랑로21번길 178,비탈면 토사 및 암반 유실,14361681.06,353,POINT(14361681.0579 4191715.8492999999),0
2014,25,0,0,08,울산광역시 울주군 서생면 위양리 1091-2,0,4213657.766,,폭우 인한 산사태,14393247.12,354,POINT(14393247.115900001 4213657.7663000003),0
2014,25,0,0,08,울산광역시 울주군 온산읍 원산리 916-12,0,4221264.95,,집중호우 인한 도로유실,14396854.75,355,POINT(14396854.746099999 4221264.9496999998),0
2014,25,30940,0,08,부산광역시 북구 만덕2동 861-2,0,4192183.699,,호안붕괴,14365227.59,356,POINT(14365227.5856 4192183.6985999998),0
2014,25,0,0,08,울산광역시 울주군 서생면 서생리 산26-1,0,4215296.949,,폭우 인한 산사태,14397281.61,357,POINT(14397281.6095 4215296.9489000002),0
2014,25,0,0,08,울산광역시 울주군 서생면 나사리 251,0,4212377.126,,폭우 인한 산사태,14398551.12,358,POINT(14398551.1184 4212377.1260000002),0
2014,25,0,0,08,"울산광역시 울주군 온산읍 덕신리 681, 682",0,4225726.025,,집중호우 인한 제방붕괴,14394236.52,359,POINT(14394236.520099999 4225726.0247),0
2014,25,0,0,08,울산광역시 울주군 온산읍 덕신리 1065,0,4222741.383,,집중호우 인한 제방붕괴,14393053.35,360,POINT(14393053.3467 4222741.3831000002),0
2014,25,51780,0,08,부산광역시 북구 화명1동 878-12,0,4194776.03,,도로법면 유실,14361970.15,361,POINT(14361970.1547 4194776.0297999997),0
2014,25,50000,0,08,부산광역시 북구 만덕1동 산 2,0,4194521.198,부산광역시 북구 만덕고개길 143-79,법면붕괴,14365661.73,362,POINT(14365661.7316 4194521.1982000005),0
2014,25,1000,0,08,,0,4187535.342,부산광역시 해운대로 295번길 43-2(아름주택 203호),집중호우로 담장 일부 붕괴,14375062.69,363,POINT(14375062.694 4187535.3415999999),0
2014,25,140370,0,08,부산광역시 북구 만덕1동 775-2,0,4193202.492,,호안유실,14365511.61,364,POINT(14365511.6054 4193202.4917000001),0
2014,25,17000,0,08,전라북도 군산시 조촌동 산 48-1,0,4297238.904,,호우에 의한 붕괴,14109379.22,365,POINT(14109379.2169 4297238.9035),0
2014,25,54530,0,08,경상남도 창원시 마산합포구 진전면 곡안리 산91-3 (외 5개소),0,4179132.877,,집중호우에 따른 사면붕괴,14294632.42,366,POINT(14294632.424799999 4179132.8764999998),0
2014,25,41320,0,08,부산광역시 북구 덕천2동 812,0,4191924.431,부산광역시 북구 팽나무로 58,비탈면 토사유실,14361458.31,367,POINT(14361458.307600001 4191924.4308000002),0
2014,25,32710,0,08,경상남도 창원시 진해구 용원동 산220-3 (외 5필지 7개소),0,4176285.737,,집중호우에 따른 사면붕괴,14339074.13,368,POINT(14339074.134500001 4176285.7368999999),0
2014,25,45230,0,08,부산광역시 북구 구포3동 1245,0,4190334.488,,"사면유실, 시설물 피해",14361790.49,369,POINT(14361790.484999999 4190334.4876000001),0
2014,25,0,0,08,"울산광역시 울주군 서생면 용리 5-1, 5-5",0,4214081.413,,폭우 인한 산사태,14396538.39,370,POINT(14396538.3879 4214081.4127000002),0
2014,25,0,0,08,울산광역시 울주군 서생면 대송리 산20,0,4213687.415,,폭우 인한 산사태,14399660.13,371,POINT(14399660.1303 4213687.4154000003),0
2014,25,0,0,08,울산광역시 울주군 온산읍 삼평리 143,0,4219993.745,,집중호우 인한 농수로매몰,14396813.65,372,POINT(14396813.645099999 4219993.7448000005),0
2014,25,37620,0,08,부산광역시 북구 구포2동 882-28,0,4190809.198,,도로사면 붕괴,14360461.63,373,POINT(14360461.625499999 4190809.1984000001),0
2014,25,0,0,08,울산광역시 울주군 서생면 화산리 산179-4,0,4210885.61,,폭우 인한 산사태,14392822.16,374,POINT(14392822.1613 4210885.6102),0
2014,25,0,0,08,"울산광역시 울주군 온산읍 덕신리 1134, 1135",0,4223771.515,,집중호우 인한 농로매몰,14391905.49,375,POINT(14391905.491 4223771.5144999996),0
2014,25,0,0,08,울산광역시 울주군 서생면 화산리 산237,0,4214127.178,,폭우 인한 산사태,14392210.66,376,POINT(14392210.664100001 4214127.1781000001),0
2014,25,0,0,08,울산광역시 울주군 서생면 화산리 산45,0,4215599.399,,폭우 인한 산사태,14391577.78,377,POINT(14391577.782199999 4215599.3991),0
2014,25,30000,0,08,부산광역시 북구 구포 2동 952(비버힐맨션 앞),0,4191054.196,,사면유실,14360103.84,378,POINT(14360103.8431 4191054.1959000002),0
2014,25,0,0,08,"울산광역시 울주군 온산읍 강양리 201, 198",0,4217977.336,,집중호우 인한 제방매몰,14398519.14,379,POINT(14398519.1425 4217977.3364000004),0
2014,25,91050,0,08,부산광역시 북구 만덕3동 산 161,0,4191815.031,,사면붕괴,14363250.55,380,POINT(14363250.5514 4191815.0306000002),0
2014,25,58892,0,08,경상남도 창원시 의창구 퇴촌동 산113 (외 1개소),0,4197997.122,,집중호우에 따른 사면붕괴,14326536.7,381,POINT(14326536.695499999 4197997.1218999997),0
2014,25,12490,0,08,부산광역시 북구 구포1동 1075,0,4191246.293,,사면유실,14359469.84,382,POINT(14359469.8366 4191246.2927999999),0
2014,25,0,0,08,울산광역시 울주군 온산읍 강양리 893-3,0,4218397.409,,집중호우 인한 제방붕괴,14397474.99,383,POINT(14397474.9944 4218397.409),0
2014,25,0,0,08,울산광역시 울주군 서생면 서생리 산47,0,4215608.247,,폭우 인한 산사태,14397165.46,384,POINT(14397165.462099999 4215608.2467),0
2014,25,0,0,08,울산광역시 울주군 서생면 화산리 산49-1,0,4215452.431,,폭우 인한 산사태,14392249.01,385,POINT(14392249.0132 4215452.4312000005),0
2014,25,6090,0,08,부산광역시 북구 구포1동 산 48-321,0,4190628.091,,측구유실 및 봉괴,14360650.67,386,POINT(14360650.670700001 4190628.0907000001),0
2014,25,30800,0,08,부산광역시 북구 만덕2동 861-5,0,4192123.343,,호안붕괴,14365125.51,387,POINT(14365125.5056 4192123.3431000002),0
2014,25,43624,0,08,경상남도 창원시 의창구 용동 산48 (외 1개소),0,4197234.545,,집중호우에 따른 사면붕괴,14327418.88,388,POINT(14327418.8791 4197234.5450999998),0
2014,25,11450,0,08,부산광역시 북구 덕천동 637,0,4193465.686,부산광역시 북구 금곡대로92번길 2,사면붕괴,14360862.53,389,POINT(14360862.525699999 4193465.6855000001),0
2014,25,116694,0,08,경상남도 창원시 성산구 귀곡동 560-10 (외 3개소),0,4187778.812,,집중호우에 따른 사면붕괴,14315355.31,390,POINT(14315355.3101 4187778.8117),0
2014,25,0,0,08,울산광역시 울주군 서생면 대송리 산16,0,4213380.359,,폭우 인한 산사태,14399476.52,391,POINT(14399476.524499999 4213380.3585999999),0
2014,25,68708,0,08,"경상남도 창원시 마산회원구 회성동, 두척동 산88 (외 3개소)",0,4195773.494,,집중호우에 따른 사면붕괴,14310482.1,392,POINT(14310482.0974 4195773.4943000004),0
2014,25,0,0,08,울산광역시 울주군 서생면 화정리 산62,0,4216913.177,,폭우 인한 산사태,14397236.77,393,POINT(14397236.7656 4216913.1772999996),0
2014,03      ,2000,0,09,강원도 속초시 영랑동 1-6,0,4609705.21,,집중호우로 인한 낙석발생으로 상가건물 지붕 및 벽체 일부 파손,14315719.69,394,POINT(14315719.689200001 4609705.2095999997),0
2014,29,0,1,09,경상북도 울진군 기성면 기성리 104,0,4411627.253,,오폐수관로공사 중 옹벽이 무너져 공사인부가 담벼락에 깔린 사고,14411015.88,395,POINT(14411015.8835 4411627.2533),1
2014,13,0,1,10,충청북도 충주시 용산동 1940-3,0,4433473.561,충청북도 충주시 금봉1길 18,공사중 구조물 붕괴,14242436.73,396,POINT(14242436.7326 4433473.5604999997),1
2014,17,0,16,10,경기도 성남시 분당구 삼평동 682 유스페이스몰 야외공연장,27,4495299.083,,관람객 하중에 의한 환풍구 덮개 붕괴,14149449.97,397,POINT(14149449.9715 4495299.0824999996),11
2014,29,0,0,10,충청북도 충주시 살미면 재오개리 53-2,1,4429009.516,,조경작업 중 구조물 붕괴,14249313.16,398,POINT(14249313.1602 4429009.5158000002),1
2014,03      ,0,2,11,경상북도 울진군 근남면 노음리 828-1 (인근도로),0,4434174.008,,표층지하수 개발사업(도수관로) 공사현장에서 관로매설 작업중 터파기 일부토사 붕괴로 인해 매몰된 사고,14403416.32,399,POINT(14403416.315199999 4434174.0077),2
2014,19,0,0,11,서울특별시 마포구 도화동 25-13,1,4515030.656,,통신선 지중화 작업 중 흙더미 붕괴,14132196.73,400,POINT(14132196.7267 4515030.6560000004),1
2014,25,1000,0,11,제주특별자치도 서귀포시 안덕면 사계리 3693번지일원,0,3926876.349,,호우시 낙석발생,14061143.25,401,POINT(14061143.2498 3926876.3491000002),0
2014,27,1000,0,11,제주특별자치도 서귀포시 안덕면 사계리 3693번지일원,0,3926876.349,,호우시 낙석발생,14061143.25,402,POINT(14061143.2498 3926876.3491000002),0
2015,06      ,0,0,01,서울특별시 송파구 거여동 26-8,0,4508115.316,,불명,14153641.52,403,POINT(14153641.5163 4508115.3154999996),0
2020,11,153679,0,08,경기도 연천군 신서면 도신리 974-3,0,4602435.431,,폭우로 인한 법면 유실,14147627.48,682,POINT(14147627.480799999 4602435.4309),0
2020,11,69803,0,08,경기도 연천군 신서면 덕산리 3,0,4614689.475,,폭우로 인한 법면 유실,14147282.39,683,POINT(14147282.3903 4614689.4748999998),0
2020,11,107852,0,08,경기도 연천군 신서면 신현리 25,0,4611968.244,,폭우로 인한 법면 유실,14143775.83,684,POINT(14143775.826400001 4611968.2443000004),0
2020,11,121853,0,08,경기도 연천군 신서면 도밀리 406,0,4615540.007,,폭우로 인한 법면 유실,14147928.04,685,POINT(14147928.043400001 4615540.0069000004),0
2020,11,121638,0,08,경기도 연천군 신서면 도밀리 378,0,4617695.002,,폭우로 인한 법면 유실,14147950.31,686,POINT(14147950.3073 4617695.0022999998),0
2020,11,100381,0,08,경기도 연천군 신서면 신현리 15,0,4612492.592,,폭우로 인한 법면 유실,14144054.13,687,POINT(14144054.1251 4612492.5921999998),0
2020,11,133860,0,08,경기도 연천군 신서면 도밀리 7,0,4617907.691,,폭우로 인한 법면 유실,14149174.82,688,POINT(14149174.821699999 4617907.6908),0
2020,11,45859,0,08,경기도 연천군 신서면 도밀리 384,0,4616574.916,,폭우로 인한 법면 유실,14148150.68,689,POINT(14148150.682399999 4616574.9155000001),0
2020,11,172397,0,08,경기도 연천군 신서면 도밀리 3-1,0,4617624.107,,폭우로 인한 법면 유실,14149753.68,690,POINT(14149753.683 4617624.1070999997),0
2020,11,58111,0,08,경기도 연천군 신서면 도신리 962,0,4601911.594,,폭우로 인한 법면 유실,14147193.33,691,POINT(14147193.334799999 4601911.5938999997),0
2020,11,192584,0,08,경기도 연천군 신서면 답곡리 1072,0,4607845.248,,폭우로 인한 법면 유실,14144143.18,692,POINT(14144143.1807 4607845.2482000003),0
2020,11,52141,0,08,경기도 연천군 중면 도연리 94,0,4609120.226,,폭우로 인한 법면 유실,14139835.12,693,POINT(14139835.1164 4609120.2255999995),0
2020,13,0,0,08,강원도 홍천군 내촌면 물걸리 56,0,4549183.246,,비포장도로 내 공동현상으로 인한 지반침하 발생,14268197.06,694,POINT(14268197.0646 4549183.2457999997),0
2020,20,0,0,08,경기도 구리시 교문동 813,0,4521688.311,,터널시공관리부실에 따른 도로침하,14152916.27,695,POINT(14152916.2698 4521688.3104999997),0
2020,01      ,12229,0,09,경상남도 밀양시 산외면 희곡리 950,0,4237611.584,,폭우로 인한  유실,14343176.2,696,POINT(14343176.1963 4237611.5837000003),0
2020,01      ,44575,0,09,경상남도 밀양시 산내면 남명리 산219,0,4242370.721,,폭우로 인한  유실,14354791.02,697,POINT(14354791.016000001 4242370.7204999998),0
2020,01      ,9172,0,09,경상남도 밀양시 단장면 구천리 산143,0,4238759.064,,폭우로 인한  유실,14351846.55,698,POINT(14351846.548699999 4238759.0642999997),0
2020,01      ,18343,0,09,경상남도 밀양시 단장면 구천리 산92,0,4241256.527,,폭우로 인한  유실,14350803.96,699,POINT(14350803.9637 4241256.5274),0
2020,07      ,17889,0,09,충청북도 진천군 이월면 장양리 434-50,0,4429837.416,,태풍으로 인한 토공 유실,14186042.72,700,POINT(14186042.7238 4429837.4159000004),0
2020,07      ,44893,0,09,충청북도 진천군 이월면 송림리 418-1,0,4429847.165,,태풍으로 인한 취입보 시설 유실,14185247.9,701,POINT(14185247.9027 4429847.1645),0
2020,07      ,8903,0,09,충청북도 진천군 이월면 송림리 94-14,0,4431030.987,,태풍으로 인한 토공 유실,14184116.9,702,POINT(14184116.8967 4431030.9869999997),0
2020,21,500,0,12,경기도 수원시 권선구 평동 55-4,0,4475106.577,경기도 수원시 권선구 평동로 90번길 44-2,지나가던 집게차에 통신선이 걸려 통신주 전복,14137146.53,703,POINT(14137146.528100001 4475106.5766000003),0
2021,13,0,0,01,경기도 안산시 상록구 사동 1639-24,0,4132126.095,경기도 안산시 상록구 해양5로 11,지반 침하 및 감리 소홀로 인한 붕괴발생,14208314.3,704,POINT(14208314.302999999 4132126.0953000002),0
2021,30,0,0,05,전라남도 여수시 웅천동 1857-6,0,4130271.773,,폭우로 인한 법면 유실,14213870.15,705,POINT(14213870.147500001 4130271.7729000002),0
2021,09      ,0,0,06,전라북도 완주군 구이면 원기리 산12-2,0,4263466.323,,암절리에 의한 암괴 낙석,14147753.49,706,POINT(14147753.4944 4263466.3233000003),0
2014,29,0,0,03,경상북도 청송군 부남면 화장리 365,0,4341185.666,,"제당 제내지 중간부분 제정 함몰(폭 1.0m, 길이 3.0m, 깊이 4.0m)",14377268.42,275,POINT(14377268.423 4341185.6662999997),0
2014,25,9500,0,04,,0,4455526.477,강원도 태백시 동태백로 471-3,집중호우로 인한 축대붕괴,14364833.37,276,POINT(14364833.367699999 4455526.4774000002),0
2014,,0,0,05,부산광역시 동래구 칠산동 1-83,0,4191866.665,,노후,14370697.6,277,POINT(14370697.602700001 4191866.6652000002),0
2014,12,0,0,05,울산광역시 울주군 삼동면 하잠리 1483,0,4233512.509,,폭우 인한 절개지 붕괴,14378247.58,278,POINT(14378247.5758 4233512.5089999996),0
2014,12,3000,0,05,부산광역시 서구 남부민동 441-50(남부민공영주차장 앞),0,4175232.082,부산광역시 서구 천마로77번길 30-1,집중호우로 인한 골목길 붕괴,14362260.03,279,POINT(14362260.0306 4175232.0816000002),0
2014,25,1000,0,05,제주특별자치도 서귀포시 안덕면 사계리 3693번지일원,0,3926876.349,,호우시 낙석발생,14061143.25,280,POINT(14061143.2498 3926876.3491000002),0
2014,25,0,0,06,전라북도 전주시 덕진구 덕진동1가 1410-36,0,4278590.331,,증축공사 건물 옥상 가설비계 붕괴,14151188.11,281,POINT(14151188.114 4278590.3306),0
2014,09      ,1000,0,07,제주특별자치도 서귀포시 안덕면 사계리 3693번지일원,0,3926876.349,,호우시 낙석발생,14061143.25,282,POINT(14061143.2498 3926876.3491000002),0
2014,16,1000,0,07,제주특별자치도 서귀포시 안덕면 사계리 3693번지일원,0,3926876.349,,호우시 낙석발생,14061143.25,283,POINT(14061143.2498 3926876.3491000002),0
2014,27,0,0,07,충청남도 당진시 순성면 중방리 70-2 (경남빌라 4층 403호 주거용건물),0,4417902.522,,기타 붕괴,14111209.81,284,POINT(14111209.8072 4417902.5219000001),0
2014,01      ,0,0,08,경상북도 상주시 중동면 덕암로 628,2,4362237.775,,수련원 2층 강당 천장 붕괴,14279794.8,285,POINT(14279794.7972 4362237.7750000004),2
2014,03      ,0,0,08,울산광역시 울주군 두동면 구미리 320,0,4254617.203,,폭우 인한 밭둑 붕괴,14384267.93,286,POINT(14384267.9267 4254617.2028000001),0
2011,29,0,0,11,전라북도 익산시 인화동 1가 185-7,1,4291102.881,,공사현장 파이프 더미에 갈림,14132013.45,98,POINT(14132013.4518 4291102.8812999995),1
2012,02      ,0,0,02,전라북도 전주시 완산구 삼천동1가 704-2,1,4272357.533,,공사현장 천장에 떨어진 콘크리트 더미에 상반신 일부가 깔림,14151572.95,99,POINT(14151572.951199999 4272357.5330999997),1
2012,05      ,0,0,03,경상남도 거창군 고제면 개명리 산2,2,4280983.576,,정자의 기둥을 교체하던중 정자지붕이 붕괴됨.,14232310.59,100,POINT(14232310.593 4280983.5756999999),2
2012,10,0,0,03,울산광역시 중구 교동 174-2,0,4240428.02,,토사붕괴,14395281.67,101,POINT(14395281.674699999 4240428.0197000001),0
2012,15,0,1,04,경상북도 영덕군 병곡면 삼읍리 175,0,4391775.892,,자택 인근 공가에서 작업중 지붕붕괴로 인한 사망,14403929.91,102,POINT(14403929.9056 4391775.8918000003),0
2012,16,0,0,04,울산광역시 울주군 언양읍 반천리 530,0,4240070.804,,폭우 인한 제방유실,14380604.39,103,POINT(14380604.387399999 4240070.8043),0
2012,22,0,0,04,울산광역시 중구 성남동 55-4,0,4239663.573,,상가건물 1층 천장 붕괴,14395907.46,104,POINT(14395907.4637 4239663.5732000005),0
2012,26,0,0,04,전라북도 전주시 완산구 경원동3가 33-7,1,4276134.834,,공사현장 붕괴로 인해 건축물자재에 매몰됨,14153955.29,105,POINT(14153955.293400001 4276134.8338000001),1
2012,29,0,0,04,울산광역시 동구 방어동 1457 (울산대교 공사현장),0,4232387.999,,울산대교 공사현장의 가시설 벽체 절개지 붕괴,14405038.81,106,POINT(14405038.813200001 4232387.9989999998),0
2012,09      ,0,0,05,충청남도 당진군 송악면 복운리 1-294,1,4430998.911,,정화조 공사장에서 작업도중 흙이 무너지면서 얼굴을 제외한 전신이 파묻힌 상황,14114294.08,107,POINT(14114294.083799999 4430998.9105000002),1
2012,02      ,0,0,06,전라북도 익산시 팔봉동 862-2,0,4295338.496,,교량구조물 일부 붕괴,14138923.89,108,POINT(14138923.8893 4295338.4961999999),0
2012,03      ,0,0,06,전라북도 익산시 마동 55-25,1,4292288.347,,단독주택 철거 중 철거 건축물에 매몰,14134212.28,109,POINT(14134212.2787 4292288.3469000002),1
2012,15,0,0,06,강원도 원주시 태장동 1792,4,4495089.511,,단독주택 2층 발코니 붕괴,14243745.17,110,POINT(14243745.167099999 4495089.5109999999),4
2012,27,0,0,06,충청북도 청주시 청원구 우암동 371-10,1,4391193.684,,주택 대문 보수 작업중 대문지지대 붕괴,14191389.49,111,POINT(14191389.488399999 4391193.6842999998),1
2012,15,0,0,07,울산광역시 울주군 온산읍 화산리 1256-9,0,4222267.919,,집중호우 인한 사면붕괴,14396084.64,112,POINT(14396084.640699999 4222267.9192000004),0
2012,15,0,0,07,울산광역시 울주군 온산읍 덕신리 산84-1,0,4223208.14,,집중호우 인한 산사태,14395366.86,113,POINT(14395366.859200001 4223208.1401000004),0
2012,15,0,0,07,경상남도 창원시 성산구 귀곡동 산104-14,0,4187188.358,,장마철 지속적인 호우에 따른 지반약화,14315295.78,114,POINT(14315295.778999999 4187188.3580999998),0
2012,19,0,1,07,전라북도 남원시 주천면 송치리 969-1,1,4217059.527,,피해자가 공가로 방치된 자신의 집에서 자다가 태풍 카눈에 의한 지붕 붕괴로 압사 추정,14182861.45,115,POINT(14182861.4509 4217059.5266000004),0
2012,21,0,0,07,서울특별시 마포구 상암동 1607,1,4520151.004,,공사현장 철근자재 붕괴,14125587.42,116,POINT(14125587.4231 4520151.0037000002),1
2012,03      ,0,0,08,강원도 원주시 단계동 878-1 한라비발디2차,0,4487266.217,,모델하우스 천정 붕괴,14241371.53,117,POINT(14241371.531300001 4487266.2171999998),0
2012,04      ,0,0,08,울산광역시 중구 태화동 748-1 SK사택,1,4239660.039,,공사장2층 골조공사 작업중 외부거푸집 가설비개가 갑자기 붕괴,14392280.96,118,POINT(14392280.9608 4239660.0385999996),1
2012,08      ,0,0,08,울산광역시 중구 약사동 861 미소마을아파트,0,4241821.324,,아파트 외벽 건축자재물 일부 붕괴,14397614.02,119,POINT(14397614.020300001 4241821.3239000002),0
2012,13,0,0,08,충청북도 청주시 청원구 율량동 1603,0,4392398.255,,2층주택 가건물 붕괴,14191466.75,120,POINT(14191466.7533 4392398.2548000002),0
2012,23,267764,0,08,경상북도 포항시 북구 두호동 1015-4,0,4309343.085,,태풍·호우로 인한 도로 절개지 붕괴,14404039.97,121,POINT(14404039.967 4309343.0851999996),0
2012,23,50226,0,08,경상북도 포항시 북구 흥해읍 학천리 산29-2,0,4311505.801,,태풍·호우로 인한 도로 산사태,14394090.93,122,POINT(14394090.932499999 4311505.8004999999),0
2012,23,850000,0,08,울산광역시 북구 화봉동 456-11,0,4244361.313,,우수침투에 의한 지반약화,14401603.08,123,POINT(14401603.077 4244361.3125999998),0
2012,23,30135,0,08,경상북도 포항시 남구 장흥동 산46,0,4298795.18,,태풍·호우로 인한 사면 붕괴,14401751.07,124,POINT(14401751.0722 4298795.1804),0
2012,23,0,2,08,강원도 강릉시 옥계면 남양리 산187,3,4519010.85,,산사면 토석붕락(35만톤),14360071.42,125,POINT(14360071.422 4519010.8501000004),1
2012,23,64289,0,08,경상북도 포항시 북구 송라면 화진리 산34,0,4333353.802,,태풍·호우로 인한 도로 산사태,14402027.77,126,POINT(14402027.7721 4333353.8016999997),0
2012,23,60271,0,08,경상북도 포항시 남구 장기면 모포리 84,0,4291603.733,,태풍·호우로 인한 사면 붕괴,14418747.37,127,POINT(14418747.371300001 4291603.7330999998),0
2012,23,234708,0,08,경상북도 포항시 남구 이동 산12-1,0,4305493.06,,태풍·호우로 인한 도로 절개지 붕괴,14397181.1,128,POINT(14397181.103499999 4305493.0597000001),0
2012,23,60271,0,08,경상북도 포항시 남구 연일읍 중명리 산16,0,4297207.706,,태풍·호우로 인한 도로 산사태,14395446.01,129,POINT(14395446.007200001 4297207.7059000004),0
2012,23,703164,0,08,경상북도 포항시 남구 대송면 홍계리 산29,0,4293584.528,,태풍·호우로 인한 도로 산사태,14396935,130,POINT(14396935.001499999 4293584.5277000004),0
2012,23,91396,0,08,경상북도 포항시 북구 용흥동 600-1,0,4306122.696,,태풍·호우로 인한 도로 절개지 붕괴,14398823.78,131,POINT(14398823.776799999 4306122.6957999999),0
2012,25,0,0,08,강원도 원주시 신림면 금창리 755-2,0,4472509.525,,소나무가 지반이 깎이면서 도로 및 전신주로 넘어감,14252533.88,132,POINT(14252533.877 4472509.5251000002),0
2012,28,0,1,08,전라북도 김제시 흥사동 367-1,1,4277353.237,,"태풍""블라벤""의 강한바람으로 교회건물 벽돌이
 사고자의 머리로 떨어져 사망",14126053.57,133,POINT(14126053.5743 4277353.2369999997),0
2012,28,0,0,08,충청북도 옥천군 청산면 판수리 466-1,0,4346337.836,,감나무 쓰러짐으로 주택 붕괴 위험,14227548.73,134,POINT(14227548.7259 4346337.8355999999),0
2012,29,0,0,08,충청북도 진천군 광혜원면 죽현리 464,0,4432607.466,,태풍으로 인한 비닐하우스 붕괴,14185304.58,135,POINT(14185304.5778 4432607.4660999998),0
2012,29,0,0,08,충청북도 영동군 용산면 청화리 116-2,0,4341783.995,,태풍볼라벤으로 샌드위치판넬 지붕 붕괴,14231296.13,136,POINT(14231296.132999999 4341783.9951999998),0
2012,29,0,0,08,충청북도 영동군 용산면 산저리 300,0,4332790.985,,태풍볼라벤으로 야산나무전복에 의한 주택 붕괴위험,14229968.68,137,POINT(14229968.6834 4332790.9852),0
2012,29,0,0,08,울산광역시 울주군 언양읍 직동리 351,0,4243022.528,,폭우 인한 제방유실,14375296.85,138,POINT(14375296.849400001 4243022.5279000001),0
2012,30,0,0,08,광주광역시 광산구 운수동 369,0,4184675.988,,"태풍  ""덴빈""에 의한 사면붕괴",14112608.08,139,POINT(14112608.077199999 4184675.9874999998),0
2012,30,8000,0,08,광주광역시 서구 덕흥동 806-1 선,0,4186681.345,,강우로 인한 성토사면 유실,14118748.39,140,POINT(14118748.387399999 4186681.3454),0
2012,31,0,0,08,광주광역시 광산구 소촌동 산29-1,0,4184740.582,,"태풍 ""덴빈""으로 인해 경사지 붕괴(L=15m, H=30m)",14116001.84,141,POINT(14116001.843900001 4184740.5822999999),0
2012,16,89649,0,09,경상남도 통영시 정량동 427,0,4143073.129,,2012년 태풍 산바 피해,14297732.21,142,POINT(14297732.213099999 4143073.1291),0
2012,16,73400,0,09,경상남도 통영시 정량동 630,0,4142725.963,,2012년 태풍 산바 피해,14298237.9,143,POINT(14298237.9036 4142725.963),0
2012,17,56600,0,09,경상남도 창원시 의창구 북면 지개리 산96,0,4203341.688,,태풍 산바 영향에 따른 집중호우 등,14317490.55,144,POINT(14317490.545299999 4203341.6881999997),0
2017,14,0,0,07,충청북도 청주시 청원구 내수읍 도원리 208-2,0,4398529.245,충청북도 청주시 청원구 내수읍 내수도원길 52-8,집중호우,14197279.08,498,POINT(14197279.0844 4398529.2445999999),0
2017,17,7442,0,07,강원도 원주시 무실동 1555-55,0,4482665.309,,소하천제방 붕괴,14239751.53,499,POINT(14239751.5286 4482665.3091000002),0
2017,17,20000,0,07,강원도 원주시 판부면 신촌리 1195-84,0,4481141.847,,도로사면 유실,14245972.8,500,POINT(14245972.7962 4481141.8465),0
2017,17,3497,0,07,강원도 원주시 가현동 290-1,0,4494780.5,,소하천제방 붕괴,14241912.11,501,POINT(14241912.1074 4494780.5004000003),0
2017,17,2000,0,07,강원도 원주시 부론면 단강리 1193-1,0,4461576.962,,도로사면 유실,14225468.08,502,POINT(14225468.08 4461576.9621000001),0
2017,17,9000,0,07,강원도 원주시 부론면 정산리 2049-1,0,4464954.69,,도로사면 유실,14221520.95,503,POINT(14221520.950300001 4464954.6902999999),0
2017,10,0,0,08,울산광역시 동구 방어동 산 54-1,0,4230618.931,,붕괴,14407594.4,504,POINT(14407594.397299999 4230618.9304999998),0
2017,26,0,0,08,경기도 평택시 팽성읍 신대리 21-40(평택호 횡단도로 교량 공사현장),0,4430891.248,,접속교 상부슬라브(ILM공법) 압출 후 상판 전도,14136489.78,505,POINT(14136489.778200001 4430891.2482000003),0
2017,11,0,0,09,부산광역시 서구 서대신동1가 222-26번지,0,4178528.416,,집중호우로 인한 흙막이 시설 붕괴,14361879.42,506,POINT(14361879.4169 4178528.4158999999),0
2017,11,30000,0,09,부산광역시 중구 동광동 5가 15-57,0,4178602.604,부산광역시 중구 동영로7번길 10-16 (동광동5가),집중호우로 인한 노후 주택 붕괴,14363905.61,507,POINT(14363905.611300001 4178602.6041999999),0
2017,23,6800000,1,10,경기도 용인시 처인구 양지면 제일리 산 48-1 외 5필지,10,4472545.418,,건축구조체(PC슬래브) 미시공된 상태에서 무리한 흙막이 가시설 해체작업으로 인해 토사가 붕괴되면서 건축옹벽 타격,14172480.24,508,POINT(14172480.234999999 4472545.4177999999),9
2017,25,0,0,11,인천광역시 부평구 갈산동 124-62,0,4512049.043,인천광역시 부평구 갈산로9번길 4-12(갈산동),담장 붕괴,14107235.03,509,POINT(14107235.034399999 4512049.0433999998),0
2018,08      ,0,0,01,인천광역시 부평구 부평동 760-758,0,4507140.668,인천광역시 부평구 안남로 22번길 6-1,옹벽 일부 붕괴,14105936.13,510,POINT(14105936.1336 4507140.6683999998),0
2018,10,0,0,02,서울특별시 중구 신당동 432-1938,0,4516298.585,서울특별시 중구 동호로11아길 12-2 (신당동),"단층주택 기초부분의 석축일부 붕괴,석축의 하부부분이 결빙되어 있고 이것이 해빙되면서 붕괴되었을 것으로 추정",14138149.29,511,POINT(14138149.285700001 4516298.585),0
2018,15,0,0,03,부산광역시 동래구 칠산동 2-20,0,4191897.558,부산광역시 동래구 칠산로51번길 16-1(칠산동),우천으로 인한 재개발구역 내 방치된 공가 축대 붕괴,14370730.51,512,POINT(14370730.5118 4191897.5584),0
2018,12,2200,0,04,서울특별시 은평구 불광동 244-94,0,4525165.75,서울특별시 은평구 통일로68가길 18-14(불광동),우기시 노후화로 인한 붕괴,14129812.8,513,POINT(14129812.800000001 4525165.7501999997),0
2018,17,0,0,05,서울특별시 은평구 신사동 1-151,0,4523076.582,서울특별시 은평구 갈현로4길 40-7(신사동),집중호우에 의한 노후석축 붕괴,14128023.14,514,POINT(14128023.137800001 4523076.5823999997),0
2018,03      ,0,0,06,서울특별시 용산구 한강로2가 224-2,1,4512893.313,서울특별시 용산구 서빙고로3길 37,수사중,14133889.41,515,POINT(14133889.406099999 4512893.3134000003),1
2018,02      ,0,0,07,서울특별시 은평구 신사동 38-40,0,4522384.347,"서울특별시 은평구 가좌로 304(신사동, 로얄패밀리하우스)",집중호우에 의한 붕괴,14127701.43,516,POINT(14127701.428300001 4522384.3469000002),0
2018,05      ,0,0,07,경상북도 영양군 입암면 신사리 산 8-1,0,4384334.169,,낙석,14368996.17,517,POINT(14368996.169299999 4384334.1692000004),0
2018,10,1500,0,07,서울특별시 은평구 갈현동 285-111,0,4526561.463,서울특별시 은평구 갈현로37가길 8-11 (갈현동),석축 위 미장 몰탈 탈락,14127961.89,518,POINT(14127961.890799999 4526561.4633999998),0
2018,24,0,0,08,전라남도 곡성군 죽곡면 연화리 58-16,0,4181465.633,,논둑 붕괴,14170934.61,519,POINT(14170934.614499999 4181465.6329999999),1
2018,04      ,0,0,09,전라북도 전주시 완산구 동완산동 453,0,4274406.804,전라북도 전주시 완산구 완산4길 30-15,폭우로 인한 석축 붕괴,14153393.77,520,POINT(14153393.772399999 4274406.8035000004),0
2019,20,0,0,07,전라남도 여수시 남산동 109,0,4127419.641,,폭우로 인한 법면 유실,14218760.35,521,POINT(14218760.347899999 4127419.6409),0
2019,20,0,0,07,전라남도 여수시 웅천동 1444-1,0,4128413.684,전라남도 여수시 신월로 239-14,폭우로 인한 법면 유실,14213659.18,522,POINT(14213659.1765 4128413.6839999999),0
2019,20,0,0,07,전라남도 여수시 웅천동 541-1,0,4130288.945,,폭우로 인한 법면 유실,14213146.2,523,POINT(14213146.2041 4130288.9445000002),0
2019,21,0,0,07,전라남도 여수시 소라면 죽림리 1104,0,4132303.416,,폭우로 인한 법면 유실,14207967.19,524,POINT(14207967.191099999 4132303.4156999998),0
2019,07      ,21000,0,09,경기도 평택시 서탄면 마두리 393-3,0,4453129.996,경기도 평택시 서탄면 정문회화로 291-97,태풍으로 인한 주택 반파,14138377.09,525,POINT(14138377.0878 4453129.9956999999),0
,,15320,0,,전라남도 장흥군 유치면 운월리 산227-8,0,4142227.574,,폭우로 인한 법면 유실,14122119.15,526,POINT(14122119.1482 4142227.574),0
2011,09      ,0,0,08,충청북도 진천군 광혜원면 금곡리 89,0,4435146.842,,태풍으로 인한 가옥붕괴,14187020.78,527,POINT(14187020.776900001 4435146.8424000004),0
2012,29,0,0,08,충청북도 진천군 광혜원면 죽현리 464,0,4432616.959,,태풍으로 인한 비닐하우스 붕괴,14185368.68,528,POINT(14185368.6843 4432616.9589999998),0
2014,18,40000,0,08,울산광역시 중구 동동 399,0,4242156.309,울산광역시 중구 산전3길 3,배수불량에 따른 사면붕괴,14399184.37,529,POINT(14399184.3718 4242156.3090000004),0
2014,18,32712,0,08,울산광역시 중구 태화동 20-3 태화동행정복지센터,0,4239796.5,울산광역시 중구 유곡로 45 태화동행정복지센터,집중호우에 따른 사면붕괴,14394107.42,530,POINT(14394107.423699999 4239796.4998000003),0
2015,30,26000,0,06,,0,4436907.069,충청북도 진천군 광혜원면 구암길 225,국지성 집중호우로 인한 제방 붕괴,14183884.02,531,POINT(14183884.0163 4436907.0689000003),0
2016,05      ,0,0,07,서울특별시 종로구 필운동 32-1,2,4519910.577,서울특별시 종로구 사직로9길 22,호우로 인한 축대 붕괴,14133977.94,532,POINT(14133977.9442 4519910.5771000003),2
2019,05      ,0,0,09,서울특별시 종로구 필운동 283-2,0,4519654.232,서울특별시 종로구 사직로8길 5-11,노후화로 인한 지붕 붕괴,14134201.23,533,POINT(14134201.227 4519654.2318000002),0
2019,07      ,0,0,09,서울특별시 구로구 오류동 산43-40번지,0,4507715.741,,태풍 링링으로 인한 가림막 붕괴,14118987.87,534,POINT(14118987.870100001 4507715.7405000003),0
2019,07      ,0,0,09,서울특별시 구로구 오류동 1-51번지,0,4508715.829,,태풍 링링으로 인한 가림막 이탈| 붕괴 위험,14119242.24,535,POINT(14119242.235099999 4508715.8290999997),0
2019,02      ,9997,0,10,경상남도 밀양시 무안면 모로리 산2-1,0,4227195.836,,폭우로 인한  유실,14320163.51,536,POINT(14320163.5076 4227195.8364000004),0
2019,02      ,9997,0,10,경상남도 밀양시 초동면 오방리 산35,0,4221897.647,,폭우로 인한  유실,14321748.29,537,POINT(14321748.2853 4221897.6464999998),0
2019,02      ,9997,0,10,경상남도 밀양시 부북면 용지리 산2-1,0,4235322.18,,폭우로 인한  유실,14331640.84,538,POINT(14331640.8366 4235322.1798999999),0
2020,25,0,0,02,충청북도 청주시 서원구 현도면 하석리 산74번지,0,4365201.982,,폭우로 인한 법면 유실,14189135.74,539,POINT(14189135.7359 4365201.9818000002),0
2020,10,0,0,05,강원도 양구군 양구읍 군량리 산77-1,0,4603270.793,,"강우에 따른 지반약화로
낙석 발생",14245499.58,540,POINT(14245499.577099999 4603270.7933999998),0
2020,30,0,0,06,서울특별시 구로구 궁동 산14-10번지,0,4508483.757,,집중호우로 인한 담장 붕괴,14119124.57,541,POINT(14119124.5704 4508483.7573999995),0
2020,13,0,0,07,전라남도 나주시 오량동 3-20,0,4162206.895,전라남도 나주시 가야길,폭우로 인한 법면 유실,14101409.63,542,POINT(14101409.631899999 4162206.8953999998),0
2020,22,0,0,07,서울특별시 종로구 사직동 315-3,0,4519160.69,서울특별시 종로구 경희궁3가길35,노후화로인한 담장전도,14133820.46,543,POINT(14133820.464400001 4519160.6902999999),0
2020,23,0,0,07,부산광역시 동구 좌천동 780-1,0,4182218.587,부산광역시 동구 증산로 83,폭우로 인한 석축 붕괴,14365999.7,544,POINT(14365999.6976 4182218.5872999998),0
2020,23,13757,0,07,부산광역시 부산진구 전포동 산48-3번지,0,4184824.924,부산광역시 부산진구 진남로328번길 54,집중호우로 인한 산사면 밀림,14368572.96,545,POINT(14368572.958900001 4184824.9240000001),0
2020,28,0,0,07,광주광역시 남구 봉선동 610-17,0,4180758.517,,폭우로 인한 법면 유실,14127001.76,546,POINT(14127001.760199999 4180758.5170999998),0
2012,17,0,0,09,울산광역시 울주군 상북면 이천리 218,0,4241569.335,,폭우 인한 상수도관로파손,14361922.41,201,POINT(14361922.410399999 4241569.3346999995),0
2012,17,0,0,09,울산광역시 울주군 상북면 등억알프스리 100-1,0,4239480.211,,폭우 인한 구거유실,14370342.31,202,POINT(14370342.309 4239480.2105),0
2012,17,60700,0,09,경상남도 창원시 의창구 북면 화천리 687-10,0,4206831.144,,태풍 산바 영향에 따른 집중호우 등,14316183.63,203,POINT(14316183.628 4206831.1440000003),0
2012,17,0,0,09,울산광역시 울주군 상북면 등억알프스리 552,0,4239873.067,,폭우 인한 하천제방유실,14368238.74,204,POINT(14368238.7401 4239873.0670999996),0
2012,17,0,0,09,울산광역시 울주군 상북면 이천리 319,0,4238538.683,,폭우 인한 하천제방유실,14361672.15,205,POINT(14361672.145 4238538.6826999998),0
2012,17,0,0,09,울산광역시 울주군 상북면 이천리 616,0,4236855.555,,폭우 인한 하천제방유실,14361461.19,206,POINT(14361461.1896 4236855.5554),0
2012,17,0,0,09,울산광역시 울주군 상북면 덕현리 413-1,0,4249990.363,,폭우 인한 마을안길붕괴,14366464.41,207,POINT(14366464.414899999 4249990.3630999997),0
2012,18,65000,0,09,경상남도 창원시 성산구 외동 853-7,0,4192229.356,,태풍 산바 내습으로 인한 경사지 토사 붕괴,14324539.02,208,POINT(14324539.019099999 4192229.3563999999),0
2012,25,0,0,09,울산광역시 동구 주전동 15-7 태영건설,1,4241123.344,,구조물 붕괴,14410637.12,209,POINT(14410637.1171 4241123.3443999998),1
2012,13,0,0,10,,2,4247329.251,전라북도 정읍시 칠보면 암축길 17,하천제방 준설작업 중 붕괴에 의한 부상,14132038.57,210,POINT(14132038.571 4247329.2511),2
2012,30,0,0,10,울산광역시 울주군 언양읍 반연리 218-2,0,4241430.833,,태풍 인한 제방유실,14380397.22,211,POINT(14380397.2194 4241430.8333000001),0
2012,01      ,0,1,11,경기도 김포시 사우동 925,9,4525727.864,,옥상 타설 공사 중 슬레트 붕괴,14106423.32,212,POINT(14106423.322000001 4525727.8642999995),8
2012,,0,0,12,충청남도 청양군 정산면 천장리 164-1,0,4357147.484,,알프스마을 얼음축제 시설물 붕괴,14128047.24,213,POINT(14128047.2401 4357147.4835000001),0
2012,03      ,0,0,12,강원도 평창군 평창읍 노론리 산40-1 (금산산업),1,4488360.117,,갱도내에서 포크레인 작업중 암반붕괴,14299186.25,214,POINT(14299186.252599999 4488360.1166000003),1
2012,06      ,0,0,12,전라북도 익산시 낭산면 석천리 산50,1,4309940.73,,공사장 기계붕괴로 차량 덮침,14142828.52,215,POINT(14142828.516000001 4309940.7301000003),1
2012,26,0,0,12,충청남도 청양군 정산면 천장리 174,0,4357098.779,,알프스마을 얼음축제장 붕괴사고,14128226.5,216,POINT(14128226.4954 4357098.7785999998),0
2013,16,0,0,01,경기도 성남시 분당구 삼평동 653,0,4494574.192,,"5층 슬래브콘크리트 타설중 4층,5층 슬래브붕괴",14150034.5,217,POINT(14150034.498600001 4494574.1914999997),0
2013,01      ,0,0,02,대구광역시 달성군 논공읍 북리 1-35,1,4264119.552,,작업중 쇠 파이프가 붕괴하여 1명 부상,14300147.36,218,POINT(14300147.361199999 4264119.5522999996),1
2013,01      ,0,0,03,전라북도 익산시 창인동 1가 152-24,0,4292470.381,,건물 담벼락 대리서 떨어짐,14132094.18,219,POINT(14132094.180199999 4292470.3805),0
2013,10,0,0,03,울산광역시 울주군 온산읍 당월리 248-1,1,4219943.931,,보일러 내 콘크리트 밑에 끼임사고,14399177.72,220,POINT(14399177.715600001 4219943.9313000003),1
2013,14,0,0,03,강원도 원주시 판부면 서곡리 537,2,4483572.853,,사찰 지붕에서 일하던 인부2명 지붕골조 붕괴되면서 메몰,14241268.43,221,POINT(14241268.4299 4483572.8530999999),2
2020,03      ,87198,0,08,충청북도 진천군 이월면 사곡리 416-1,0,4423742.129,,폭우로 인한 수로관 파손 및 유실,14185746.61,652,POINT(14185746.614 4423742.1290999996),0
2020,03      ,57323,0,08,충청북도 진천군 이월면 신계리 산87-1,0,4429819.311,,폭우로 인한 임야 하단부 산사태,14182382.54,653,POINT(14182382.539000001 4429819.3114),0
2020,03      ,15286,0,08,충청북도 진천군 이월면 신계리 산57-14,0,4432468.464,,폭우로 인한 임야 산사태,14182526.14,654,POINT(14182526.141100001 4432468.4643000001),0
2020,03      ,58088,0,08,충청북도 진천군 이월면 사당리 산1-2,0,4431753.88,,호우로 인한 산사태,14187872.82,655,POINT(14187872.816299999 4431753.8799999999),0
2020,03      ,202543,0,08,충청북도 진천군 이월면 송림리 산29-1,0,4428960.777,,폭우로 인한 임야 하단부 산사태,14182497.2,656,POINT(14182497.198100001 4428960.7768000001),0
2020,03      ,1753,0,08,충청북도 진천군 이월면 신월리 317-23,0,4428428.144,,호우로 인한 농어촌도로 침수,14189598.27,657,POINT(14189598.2684 4428428.1442),0
2020,03      ,8298,0,08,충청북도 진천군 이월면 은행정1길 28-2,0,4424513.244,충청북도 진천군 이월면 사곡리 763-0,폭우로 인한 법면 유실,14184640.1,658,POINT(14184640.098300001 4424513.2444000002),0
2020,03      ,0,0,08,충청남도 당진시 합덕읍 석우리 1197,0,4410057.937,,폭우로 인한 법면 유실,14109279.59,659,POINT(14109279.5888 4410057.9374000002),0
2020,03      ,0,0,08,충청남도 당진시 합덕읍 석우리 1165,0,4413181.223,,폭우로 인한 법면 유실,14108838.7,660,POINT(14108838.7006 4413181.2231999999),0
2020,03      ,0,0,08,충청남도 당진시 합덕읍 석우리 1190,0,4410035.273,,폭우로 인한 법면 유실,14109741.44,661,POINT(14109741.436699999 4410035.2731999997),0
2020,03      ,0,0,08,충청남도 당진시 송악읍 한진리 404,0,4435357.38,,폭우로 인한 법면 유실,14110794.09,662,POINT(14110794.0877 4435357.3798000002),0
2020,03      ,0,0,08,충청남도 당진시 송산면 동곡리 497,0,4434859.858,,폭우로 인한 법면 유실,14104858.27,663,POINT(14104858.2744 4434859.8579000002),0
2020,04      ,1269,0,08,충청북도 진천군 이월면 장양리 710,0,4428070.286,,호우로 인한 법면 유실,14185698.75,664,POINT(14185698.7466 4428070.2857999997),0
2020,06      ,22929,0,08,경기도 양평군 양동면 쑥골길 35,0,4509312.027,경기도 양평군 양동면 고송리 산9,폭우로 인한 임도 계곡부 토사유출,14216222.55,665,POINT(14216222.551000001 4509312.0270999996),0
2020,06      ,92045,0,08,경기도 양평군 용문면 갈월길 111-77,0,4507614.306,경기도 양평군 용문면 삼성리 산59,폭우로 인한 임도 법면| 계곡부 토사유출,14201884.6,666,POINT(14201884.6006 4507614.3059),0
2020,07      ,11465,0,08,경기도 양평군 단월면 고북길 76-23,0,4523114.47,경기도 양평군 단월면 산음리 685-6,폭우로 인한 법면| 계곡부 토사유출,14204044.2,667,POINT(14204044.1987 4523114.4703000002),0
2020,08      ,6114,0,08,광주광역시 남구 노대동 산1,0,4178099.525,,폭우로 인한 토석류 유출,14126503.49,668,POINT(14126503.494200001 4178099.5244999998),0
2020,08      ,6114,0,08,광주광역시 남구 노대동 산1,0,4176318.51,광주광역시 남구 덕남동 산49,폭우로 인한 토석류 유출,14126795.15,669,POINT(14126795.1513 4176318.5098000001),0
2020,08      ,10700,0,08,광주광역시 남구 노대동 산1,0,4177114.421,광주광역시 남구 행암동 산124,폭우로 인한 토석류 유출,14125101.98,670,POINT(14125101.981799999 4177114.4207000001),0
2020,08      ,9095,0,08,광주광역시 남구 노대동 산1,0,4177004.214,광주광역시 남구 행암동 산127-1,폭우로 인한 토석류 유출,14125065.25,671,POINT(14125065.246400001 4177004.2141999998),0
2020,08      ,9554,0,08,광주광역시 남구 노대동 산1,0,4178513.185,광주광역시 남구 임암동 산5,폭우로 인한 토석류 유출,14122965.76,672,POINT(14122965.7608 4178513.1853),0
2020,08      ,12840,0,08,광주광역시 남구 노대동 산1,0,4180764.097,광주광역시 남구 봉선동 산32-2,폭우로 인한 토석류 유출,14128955.86,673,POINT(14128955.862600001 4180764.0973),0
2020,08      ,0,0,08,전라남도 나주시 다시면 산두길 24,0,4161609.195,전라남도 나주시 다시면 죽산리 696,집중호우로 인한 주택 전파,14095512.15,674,POINT(14095512.148 4161609.1949),0
2020,08      ,0,0,08,전라남도 나주시 다시면 산두길 12,0,4161625.499,전라남도 나주시 다시면 죽산리 367-4,집중호우로 인한 주택 전파,14095641.28,675,POINT(14095641.2786 4161625.4991000001),0
2020,09      ,13758,0,08,경기도 양평군 양서면 목왕리 90-5,0,4516316.282,경기도 양평군 양서면 목왕로592번길 62-85,폭우로 인한 임도 법면 유실,14180811.82,676,POINT(14180811.821 4516316.2822000002),0
2020,10,1529,0,08,경기도 양평군 강상면 세월리 산5,0,4501274.836,경기도 양평군 강상면 세월길147번길 201,폭우로 인한 임도 계곡부 토사유출,14193079.23,677,POINT(14193079.2289 4501274.8361),0
2020,11,44376,0,08,경기도 연천군 연천읍 동막리 617-0,0,4595033.391,,폭우로 인한 법면 유실,14151657.25,678,POINT(14151657.246300001 4595033.3908000002),0
2020,11,378106,0,08,경기도 연천군 신서면 도밀리 16,0,4617255.46,,폭우로 인한 법면 유실,14149308.41,679,POINT(14149308.405099999 4617255.4600999998),0
2020,11,27001,0,08,경기도 연천군 신서면 도밀리 121,0,4615114.732,,폭우로 인한 법면 유실,14148629.36,680,POINT(14148629.3562 4615114.7322000004),0
2020,11,32124,0,08,경기도 연천군 신서면 덕산리 1,0,4614732,,폭우로 인한 법면 유실,14147449.37,681,POINT(14147449.3696 4614731.9999000002),0
2014,18,32712,0,08,울산광역시 중구 태화동 20-3,0,4239766.819,울산광역시 중구 유곡로 45(태화동),집중호우에 따른 사면붕괴,14394102.06,300,POINT(14394102.0626 4239766.8191),0
2014,18,0,0,08,울산광역시 중구 동동 399,0,4242119.554,,집중호우로 인해 산자락의 지반이 붕괴되어 가옥으로 토사 유입,14399185.26,301,POINT(14399185.2644 4242119.5543),0
2014,18,0,0,08,울산광역시 중구 성안동 산60,0,4242536.28,,집중호우로 인한 토사유실,14395236.25,302,POINT(14395236.251599999 4242536.2803999996),0
2014,18,40000,0,08,울산광역시 중구 동동 399,0,4242113.882,울산광역시 중구 산전3길 3,산전지구 주거환경개선사업시 설치한 소공원에서 노면수가잡초등으로 배수가 불량하여 붕괴된 사면으로 유입되어 절개지 슬라이딩 발생,14399185.93,303,POINT(14399185.930199999 4242113.8816),0
2014,19,0,0,08,울산광역시 중구 태화동 20-12,0,4239742.514,,건물 신축공사중 인근주택의 지반 일부 유실,14394128.99,304,POINT(14394128.991800001 4239742.5136000002),0
2014,19,4100000,0,08,경상남도 양산시 평산동 산 44-3,0,4216060.223,,공사 중인 옹벽 붕괴,14375705.2,305,POINT(14375705.1987 4216060.2231000001),0
2014,19,0,0,08,울산광역시 울주군 두동면 만화리 1024 일원,0,4250807.559,,폭우 인한 옹벽 붕괴,14385821.04,306,POINT(14385821.035499999 4250807.5587999998),0
2014,21,789000,0,08,경상북도 봉화군 봉화읍 유곡리 1109-4번지 일원,0,4424968.582,,"8.20~8.21일 집중호우로 인해 
농공단지 성토법면 유실",14334427.39,307,POINT(14334427.3873 4424968.5817999998),0
2014,21,80000,0,08,경상북도 영천시 괴연동 204 (괴연지),0,4286166.078,,집중호우로 인한 여수토 방수로 및 제당유실,14355826.68,308,POINT(14355826.682800001 4286166.0774999997),0
2014,21,0,0,08,서울특별시 송파구 송파동 135-6 (오금로 162),0,4510410.442,,호우금일 호우로 인한 침하,14150094.54,309,POINT(14150094.5427 4510410.4419),0
2014,24,0,0,08,제주특별자치도 제주시 건입동 818-2번지 일원,0,3964159.087,,집중호우로 인한 토사유실,14086538.13,310,POINT(14086538.1336 3964159.0866999999),0
2014,24,500000,0,08,경기도 가평군 가평읍 대곡리 318,0,4554903.839,경기도 가평군 가평읍 문화로 153,한석봉 체육관 공사 중 천정 붕괴,14194007.41,311,POINT(14194007.410800001 4554903.8393999999),0
2014,25,0,0,08,울산광역시 울주군 온산읍 삼평리 1186,0,4219757.13,,집중호우 인한 농로손괴,14395743.11,312,POINT(14395743.1138 4219757.1299999999),0
2014,25,0,0,08,울산광역시 울주군 온산읍 덕신리 22-2,0,4224507.559,,집중호우 인한 하천범람,14394296.32,313,POINT(14394296.316500001 4224507.5591000002),0
2014,25,12180,0,08,부산광역시 북구 구포1동 산 48-6,0,4189868.206,,산 사면부 유실,14360579.76,314,POINT(14360579.7622 4189868.2058999999),0
2014,25,83976,0,08,경상남도 창원시 마산회원구 내서읍 감천리 산107 (외 6개소),0,4192193.006,,집중호우에 따른 사면붕괴,14306998.85,315,POINT(14306998.852399999 4192193.0057000001),0
2014,25,33960,0,08,부산광역시 북구 만덕1동 산 251-1,0,4193762.598,,제방붕괴,14363752.38,316,POINT(14363752.379699999 4193762.5978000001),0
2014,25,0,0,08,"울산광역시 울주군 온산읍 덕신리 971-2, 1236",0,4223088.215,,집중호우 인한 제방붕괴,14393783.99,317,POINT(14393783.9926 4223088.2149999999),0
2014,25,102210,0,08,부산광역시 북구 구포동 산 18-1,0,4191390.247,,사면유실,14361100.75,318,POINT(14361100.749399999 4191390.2464999999),0
2014,25,442170,0,08,부산광역시 북구 화명3동 1718-7(화명생태공원),0,4195732.314,,"호안유실, 교량붕괴",14360947.69,319,POINT(14360947.6851 4195732.3140000002),0
2014,25,0,0,08,울산광역시 울주군 서생면 대송리 산15,0,4213323.86,,폭우 인한 산사태,14399267.02,320,POINT(14399267.0186 4213323.8600000003),0
2014,25,0,0,08,울산광역시 울주군 서생면 서생리 산17-1,0,4214428.473,,폭우 인한 산사태,14398026.87,321,POINT(14398026.867799999 4214428.4727999996),0
2014,25,154730,0,08,부산광역시 북구 화명2동 산 11-5,0,4198423.491,부산광역시 북구 산성로 299,산사태,14365038.57,322,POINT(14365038.565099999 4198423.4912),0
2014,25,72530,0,08,부산광역시 북구 구포3동 산 23-1,0,4191134.403,,"옹벽 배면토사 유실, 블록 침하",14361381.83,323,POINT(14361381.8312 4191134.4031000002),0
2014,25,2440,0,08,부산광역시 북구 금곡동 산 79-2((304동 뒤편),0,4199287.113,,산 사면부 유실,14362598.44,324,POINT(14362598.4419 4199287.1129999999),0
2014,25,0,0,08,울산광역시 울주군 온산읍 덕신리 872-6,0,4224021.547,,집중호우 인한 도로파손 및 사면붕괴,14394073.35,325,POINT(14394073.346899999 4224021.5466),0
2014,25,610740,0,08,부산광역시 북구 구포동 산 48-56,0,4190051.017,,"사면붕괴, 사면유실",14360933.21,326,POINT(14360933.2136 4190051.0164999999),0
2014,25,34899,0,08,경상남도 창원시 마산회원구 내서읍 감천리 산257,0,4191091.857,,집중호우에 따른 사면붕괴,14306329.37,327,POINT(14306329.372400001 4191091.8572999998),0
2014,25,17970,0,08,부산광역시 북구 구포동 산 24,0,4191084.815,,사면유실,14361661.24,328,POINT(14361661.243100001 4191084.8152999999),0
2014,25,0,0,08,울산광역시 울주군 서생면 서생리 산19,0,4214189.855,,폭우 인한 산사태,14397735.67,329,POINT(14397735.668 4214189.8547),0
2014,25,78523,0,08,경상남도 창원시 마산회원구 내서읍 삼계리 산2-1 (외 3개소),0,4196324.337,,집중호우에 따른 사면붕괴,14304817.73,330,POINT(14304817.7281 4196324.3369000005),0
2014,25,63255,0,08,경상남도 창원시 마산합포구 자산동 산62-5 (외 2개소),0,4191999.409,,집중호우에 따른 사면붕괴,14310979.33,331,POINT(14310979.3324 4191999.4093999998),0
2014,25,0,0,08,울산광역시 울주군 서생면 나사리 산32-24,0,4212758.783,,폭우 인한 산사태,14398266.25,332,POINT(14398266.249600001 4212758.7834000001),0
2014,25,2640,1,08,부산광역시 연제구 거제2동 산107-1,0,4189012.002,,집중호우로 비탈면 우수침투,14366389.76,333,POINT(14366389.7611 4189012.0022),1
2014,25,0,0,08,울산광역시 울주군 온산읍 덕신리 144,0,4224923.343,,집중호우 인한 하천범람,14395267.16,334,POINT(14395267.161800001 4224923.3426000001),0
2014,25,0,0,08,울산광역시 울주군 서생면 위양리 산22-2,0,4215229.233,,폭우 인한 산사태,14394223.07,335,POINT(14394223.0658 4215229.2331999997),0
2014,25,0,0,08,울산광역시 울주군 서생면 위양리 294-1,0,4213794.8,,폭우 인한 산사태,14394079.08,336,POINT(14394079.0836 4213794.7994999997),0
2014,25,0,0,08,울산광역시 울주군 서생면 서생리 산21-1,0,4214295.003,,폭우 인한 산사태,14397513.79,337,POINT(14397513.7882 4214295.0029999996),0
2014,25,32718,0,08,경상남도 창원시 의창구 북면 내곡리 산231,0,4209632.992,,집중호우에 따른 사면붕괴,14312440.83,338,POINT(14312440.8313 4209632.9922000002),0
2014,25,0,0,08,울산광역시 울주군 서생면 나사리 산8-9,0,4212579.029,,폭우 인한 산사태,14398708.2,339,POINT(14398708.2005 4212579.0290000001),0
2014,25,0,0,08,울산광역시 울주군 온산읍 덕신리 1010,0,4222581.167,,집중호우 인한 하천범람,14393921.86,340,POINT(14393921.856799999 4222581.1670000004),0
2014,25,60890,0,08,부산광역시 북구 만덕3동 산 158,0,4191753.315,,사면붕괴,14363638.72,341,POINT(14363638.7225 4191753.3147),0
2014,25,43624,0,08,경상남도 창원시 의창구 용동 산40 (외 ),0,4197534.78,,집중호우에 따른 사면붕괴,14327731.22,342,POINT(14327731.216700001 4197534.7802999998),0
2014,25,45420,0,08,부산광역시 북구 구포동 1250-18,0,4190332.172,,"토사붕괴, 시설물 파손",14361538.68,343,POINT(14361538.680299999 4190332.1719),0
2014,25,0,0,08,"울산광역시 울주군 온산읍 삼평리 73, 586-1",0,4219355.606,,집중호우 인한 제방붕괴,14396684.24,344,POINT(14396684.2423 4219355.6054999996),0
2014,25,30140,0,08,부산광역시 북구 만덕1동 783-1,0,4193045.471,,제방붕괴,14362914.81,345,POINT(14362914.811899999 4193045.4706000001),0
2014,25,103020,0,08,부산광역시 북구 만덕1동 산 235-1,0,4193275.333,,호안유실,14363127.43,346,POINT(14363127.4321 4193275.3332000002),0
2014,25,54530,0,08,경상남도 창원시 마산합포구 구산면 마전리 산16-1 (외 2개소),0,4180742.188,,집중호우에 따른 사면붕괴,14309063.07,347,POINT(14309063.068399999 4180742.1877000001),0
2014,25,0,0,08,울산광역시 울주군 서생면 대송리 산53,0,4213434.127,,폭우 인한 산사태,14398941.95,348,POINT(14398941.945599999 4213434.1266999999),0
2014,25,0,0,08,울산광역시 울주군 서생면 위양리 산31-1,0,4215243.012,,폭우 인한 산사태,14394054.86,349,POINT(14394054.860300001 4215243.0120000001),0
2014,25,0,0,08,울산광역시 울주군 온산읍 강양리 691-1,0,4218449.975,,집중호우 인한 농로유실,14397790.34,350,POINT(14397790.3444 4218449.9752000002),0
2014,25,0,0,08,울산광역시 울주군 서생면 명산리 산71-3,0,4210641.774,,폭우 인한 산사태,14393849.8,351,POINT(14393849.7961 4210641.7742999997),0
2020,23,0,0,07,,0,4505215.937,인천광역시 중구 송학동3가 5-8,우천으로 인한 담장 전도,14095953.08,598,POINT(14095953.0845 4505215.9367000004),0
2020,23,0,0,07,인천광역시 중구 신포로 45,0,4505215.937,인천광역시 중구 송학동3가 5-8,우천으로 인한 담장 전도,14095953.08,599,POINT(14095953.0845 4505215.9367000004),0
2020,23,0,0,07,경상북도 경산시 남산면 상대리 산48-1,0,4270146.992,,폭우로 인한 법면 유실,14336279.06,600,POINT(14336279.063300001 4270146.9918),0
2020,23,0,0,07,경상북도 경산시 남천면 송백리 413-1,0,4267247.642,,폭우로 인한 법면 유실,14334509.64,601,POINT(14334509.640000001 4267247.6420999998),0
2020,23,0,0,07,경상북도 기성면 다천리 산176,0,4411448.309,,원인불명,14406992.32,602,POINT(14406992.320800001 4411448.3090000004),0
2020,28,4586,0,07,경기도 양평군 양평읍 쉬자파크길 282,0,4511094.229,경기도 양평군 양평읍 백안리 산68-5,폭우로 인한 법면 유실,14196685.98,603,POINT(14196685.9804 4511094.2287999997),0
2020,28,20911,0,07,경기도 양평군 양평읍 쉬자파크길 198,0,4509718.96,경기도 양평군 양평읍 대흥리 산36-1,폭우로 인한 임도 법면 유실,14198177.66,604,POINT(14198177.661499999 4509718.9599000001),0
2020,28,18481,0,07,경기도 양평군 청운면 갈운큰골길 103,0,4510813.547,경기도 양평군 청운면 갈운리 산261-1,폭우로 인한 임도 계곡부 토사유출,14223870.2,605,POINT(14223870.199999999 4510813.5470000003),0
2020,28,110061,0,07,경기도 양평군 서종면 두터골길 53-4,0,4132126.095,경기도 양평군 서종면 서후리 산56-1,폭우로 인한 임도 계곡부 토사유출,14208314.3,606,POINT(14208314.302999999 4132126.0953000002),0
2020,01      ,1714,0,08,충청북도 진천군 이월면 신계리 868,0,4431758.059,,호우로 인한 법면 유실,14182172.15,607,POINT(14182172.145099999 4431758.0586999999),0
2020,02      ,20186,0,08,경기도 용인시 수지구 고기동 755-45,0,4489671.218,,폭우로 인한 법면 유실,14143765.16,608,POINT(14143765.162 4489671.2175000003),0
2020,02      ,22747,0,08,경기도 용인시 처인구 역북동 382-1,0,4472392.525,,폭우로 인한 법면 유실,14158433.94,609,POINT(14158433.9428 4472392.5248999996),0
2020,02      ,8399,0,08,경기도 용인시 처인구 역북동 551-24,0,4471914.762,,폭우로 인한 법면 유실,14157244.94,610,POINT(14157244.939300001 4471914.7615999999),0
2020,02      ,18438,0,08,경기도 용인신 처인구 남사면 창리 284,0,4472758.85,경기도 용인시 처인구 남사면 창리 284,폭우로 인한 법면 유실,14157378.16,611,POINT(14157378.155300001 4472758.8494999995),0
2020,02      ,37841,0,08,경기도 용인시 처인구 삼가동 445-9,0,4472267.954,,폭우로 인한 법면 유실,14156285.88,612,POINT(14156285.8774 4472267.9539999999),0
2020,02      ,44536,0,08,경기도 용인시 처인구 삼가동 133-1,0,4473390.264,,폭우로 인한 법면 유실,14156100.39,613,POINT(14156100.3857 4473390.2642000001),0
2020,02      ,48536,0,08,경기도 용인시 처인구 남동 129-1,0,4470576.863,,폭우로 인한 법면 유실,14159441.68,614,POINT(14159441.684699999 4470576.8628000002),0
2020,02      ,3688,0,08,경기도 용인시 처인구 호동 432-1,0,4464801.853,,폭우로 인한 법면 유실,14167748.72,615,POINT(14167748.7236 4464801.8526999997),0
2020,02      ,12599,0,08,경기도 용인시 처인구 포곡읍 마성리 61-1,0,4477926.798,,폭우로 인한 법면 유실,14159495.02,616,POINT(14159495.017899999 4477926.7977999998),0
2020,02      ,41160,0,08,경기도 용인시 처인구 모현읍 오산리 412-6,0,4483087.71,,폭우로 인한 법면 유실,14154731.73,617,POINT(14154731.7348 4483087.7096999995),0
2020,02      ,22844,0,08,경기도 용인시 처인구 이동읍 천리 1040,0,4465341.824,,폭우로 인한 법면 유실,14162054.9,618,POINT(14162054.898700001 4465341.8244000003),0
2020,02      ,75238,0,08,경기도 용인시 처인구 이동읍 송전리 1030,0,4457105.634,,폭우로 인한 법면 유실,14160156.65,619,POINT(14160156.645300001 4457105.6343999999),0
2020,02      ,58624,0,08,경기도 용인시 처인구 이동읍 서리 1077-48,0,4466036.434,,폭우로 인한 법면 유실,14157981.65,620,POINT(14157981.651699999 4466036.4336000001),0
2020,02      ,36660,0,08,경기도 용인시 처인구 이동읍 묵리 671-4,0,4464560.758,,폭우로 인한 법면 유실,14163696.12,621,POINT(14163696.1153 4464560.7578999996),0
2020,02      ,9346,0,08,경기도 용인시 처인구 이동읍 덕성리 849,0,4461890.836,,폭우로 인한 법면 유실,14160368.54,622,POINT(14160368.541999999 4461890.8356999997),0
2020,02      ,9213,0,08,경기도 용인시 처인구 남사면 통삼리 26,0,4456183.874,,폭우로 인한 법면 유실,14152621.85,623,POINT(14152621.852 4456183.8744000001),0
2020,02      ,83618,0,08,경기도 용인시 처인구 남사면 봉명리 46-7,0,4454324.278,,폭우로 인한 법면 유실,14153135.95,624,POINT(14153135.947699999 4454324.2779000001),0
2020,02      ,21117,0,08,경기도 용인시 처인구 원삼면 목신리 380,0,4457326.718,,폭우로 인한 법면 유실,14172105.67,625,POINT(14172105.668299999 4457326.7178999996),0
2020,02      ,71113,0,08,경기도 용인시 처인구 원삼면 독성리 462,0,4460948.014,,폭우로 인한 법면 유실,14173435.49,626,POINT(14173435.490900001 4460948.0141000003),0
2020,02      ,908948,0,08,경기도 용인시 처인구 원삼면 목신리 910-17,0,4456259.559,,폭우로 인한 법면 유실,14171728.8,627,POINT(14171728.7962 4456259.5585000003),0
2020,02      ,117969,0,08,경기도 용인시 처인구 원삼면 문촌리 201-1,0,4461227.689,,폭우로 인한 법면 유실,14170038.29,628,POINT(14170038.2873 4461227.6893999996),0
2020,02      ,57489,0,08,경기도 용인시 처인구 원삼면 미평리 448-1,0,4464879.667,,폭우로 인한 법면 유실,14173990.49,629,POINT(14173990.485400001 4464879.6665000003),0
2020,02      ,32888,0,08,경기도 용인시 처인구 원삼면 가재월리 295,0,4463824.639,,폭우로 인한 법면 유실,14173821.19,630,POINT(14173821.1907 4463824.6391000003),0
2020,02      ,109026,0,08,경기도 용인시 처인구 원삼면 고당리 57-3,0,4462289.652,,폭우로 인한 법면 유실,14171851.63,631,POINT(14171851.6261 4462289.6514999997),0
2020,02      ,38412,0,08,경기도 용인시 처인구 원삼면 죽능리 954-27,0,4458353.601,,폭우로 인한 법면 유실,14171609.57,632,POINT(14171609.573000001 4458353.6009999998),0
2020,02      ,62195,0,08,경기도 용인시 처인구 원삼면 사암리 1185-1,0,4466712.6,,폭우로 인한 법면 유실,14171663.99,633,POINT(14171663.986 4466712.5994999995),0
2020,02      ,4689,0,08,경기도 용인시 처인구 백암면 고안리 973-16,0,4456758.436,,폭우로 인한 법면 유실,14181535.71,634,POINT(14181535.7094 4456758.4360999996),0
2020,02      ,33443,0,08,경기도 용인시 처인구 백암면 옥산리 1639-1,0,4454094.421,,폭우로 인한 법면 유실,14181994.74,635,POINT(14181994.735300001 4454094.4214000003),0
2020,02      ,58676,0,08,경기도 용인시 처인구 백암면 근창리 1025,0,4462811.543,,폭우로 인한 법면 유실,14177112.52,636,POINT(14177112.5184 4462811.5432000002),0
2020,02      ,118755,0,08,경기도 용인시 처인구 백암면 백봉리 1330-4,0,4460959.873,,폭우로 인한 법면 유실,14180893.66,637,POINT(14180893.6631 4460959.8724999996),0
2020,02      ,99041,0,08,경기도 용인시 처인구 백암면 근곡리 564-1,0,4463662.14,,폭우로 인한 법면 유실,14176681.79,638,POINT(14176681.789899999 4463662.1398999998),0
2020,02      ,61730,0,08,경기도 용인시 처인구 백암면 근삼리 1081,0,4459094.464,,폭우로 인한 법면 유실,14178934.56,639,POINT(14178934.5625 4459094.4637000002),0
2020,02      ,51379,0,08,경기도 용인시 처인구 백암면 옥산리 130,0,4454427.699,,폭우로 인한 법면 유실,14184199.55,640,POINT(14184199.5514 4454427.6988000004),0
2020,02      ,31183,0,08,경기도 용인시 처인구 백암면 옥산리 1860,0,4454177.391,,폭우로 인한 법면 유실,14184201.08,641,POINT(14184201.0765 4454177.3908000002),0
2020,02      ,139942,0,08,경기도 용인시 처인구 백암면 백암리 255-2,0,4462604.915,,폭우로 인한 법면 유실,14179905.4,642,POINT(14179905.402000001 4462604.9151999997),0
2020,02      ,6127,0,08,경기도 용인시 처인구 백암면 근삼리 183,0,4459871.173,,폭우로 인한 법면 유실,14178404.37,643,POINT(14178404.369999999 4459871.1733999997),0
2020,02      ,57987,0,08,경기도 용인시 처인구 양지면 양지리 788-5,0,4470947.934,,폭우로 인한 법면 유실,14167743.02,644,POINT(14167743.0241 4470947.9336000001),0
2020,02      ,5993,0,08,경기도 용인시 처인구 양지면 남곡리 312,0,4470326.955,,폭우로 인한 법면 유실,14168245.78,645,POINT(14168245.7763 4470326.9545),0
2020,02      ,26231,0,08,경기도 용인시 처인구 양지면 평창리 322,0,4470489.067,,폭우로 인한 법면 유실,14172401.62,646,POINT(14172401.622300001 4470489.0670999996),0
2020,02      ,39778,0,08,경기도 용인시 기흥구 공세동 28-2,0,4471017.544,,폭우로 인한 법면 유실,14151216.28,647,POINT(14151216.2764 4471017.5440999996),0
2020,02      ,19541,0,08,경기도 용인시 기흥구 상하동 148-2,0,4474855.54,,폭우로 인한 법면 유실,14153536.31,648,POINT(14153536.3082 4474855.5398000004),0
2020,02      ,52436,0,08,경기도 용인시 기흥구 보정동 249-1,0,4483810.87,,폭우로 인한 법면 유실,14149323.37,649,POINT(14149323.3664 4483810.8696999997),0
2020,03      ,0,3,08,경기도 평택시 청북읍 서해로 1570-1,4,4443545.802,경기도 평택시 청북읍 후사리 265-35,폭우로 인한 법면 유실,14130870.56,650,POINT(14130870.557800001 4443545.8024000004),1
2020,03      ,12803,0,08,경기도 용인시 처인구 원삼면 좌항리 182-1,0,4467441.652,경기도 용인시 처인구 원앙로 591번길 37,폭우로 인한 법면 유실,14172855.03,651,POINT(14172855.0266 4467441.6523000002),0
2021,05      ,0,0,07,경상남도 고성군 개천면 좌연리 산276,0,4173099.395,,폭우로 인한 임야사면 유실,14279103.26,707,POINT(14279103.2578 4173099.3947000001),0
2021,05      ,0,0,07,경상남도 고성군 개천면 좌연리 산289-7,0,4172405.772,,폭우로 인한 임야사면 유실,14279118.51,708,POINT(14279118.5086 4172405.7714999998),0
2021,05      ,0,0,07,경상남도 고성군 개천면 좌연리 산284-9,0,4173925.135,,폭우로 인한 임야사면 유실,14278772.31,709,POINT(14278772.305 4173925.1348999999),0
2021,05      ,0,0,07,경상남도 고성군 회화면 녹명리 산98,0,4173214.323,,폭우로 인한 임야사면 유실,14289121.01,710,POINT(14289121.0101 4173214.3226999999),0
2021,05      ,0,0,07,경상남도 고성군 마암면 성전리 산78,0,4174485.003,,폭우로 인한 임야사면 유실,14284057.31,711,POINT(14284057.3091 4174485.0029000002),0
2021,07      ,0,0,07,전라남도 여수시 소라면 죽림리 1122-2,0,4132169.811,,폭우로 인한 법면 유실,14208748.17,712,POINT(14208748.1708 4132169.8108000001),0
2021,23,0,0,08,경상남도 고성군 마암면 화산리 산47,0,4172758.154,,폭우로 인한 임야사면 유실,14287240.6,713,POINT(14287240.601299999 4172758.1538999998),0
2021,30,0,0,08,경상북도 의성군 사곡면 오상리,0,4345705.713,,호우로 인한 법면 유실,14331974,714,POINT(14331974.004699999 4345705.7130000005),0
